Date,A/C Type,Location,Fatalities,Registration,detail.url
"Mar 31, 2019",Epic LT,"Egelsbach, Hesse",3,RA-2151G,http://www.baaa-acro.com/crash/crash-epic-lt-near-egelsbach-3-killed
"Mar 23, 2019",Beechcraft 200 Super King Air,"Matsieng, Kgatleng District",1,A2-MBM,http://www.baaa-acro.com/crash/crash-beechcraft-b200-super-king-air-matsieng-1-killed
"Mar 22, 2019",Rockwell Sabreliner 60,"Bajamar, Cortés",0,N990PA,http://www.baaa-acro.com/crash/crash-rockwell-sabreliner-60-near-bajamar
"Mar 18, 2019",IAI 1124 Westwind,"Sundance, Oklahoma",2,N4MH,http://www.baaa-acro.com/crash/crash-iai-1124-westwind-sundance-2-killed
"Mar 17, 2019",Cessna 421B Golden Eagle II,"Delaware, Ohio",1,N424TW,http://www.baaa-acro.com/crash/crash-cessna-421b-golden-eagle-ii-delaware-1-killed
"Mar 12, 2019",Piper PA-31-350 Navajo Chieftain,"Madeira, Ohio",1,N400JM,http://www.baaa-acro.com/crash/crash-piper-pa-31-350-navajo-chieftain-madeira-1-killed
"Mar 10, 2019",BAe 125,"San Pedro de Peralta, Quintana Roo",1,N18BA,http://www.baaa-acro.com/crash/crash-bae-125-700a-san-pedro-de-peralta-1-killed
"Mar 10, 2019",Boeing 737 MAX 8,"Debre Zeit (Bishoftu), Oromia",157,ET-AVJ,http://www.baaa-acro.com/crash/crash-boeing-737-max-8-near-debre-zeit-157-killed
"Mar 9, 2019",Douglas DC-3,"Finca La Bendición, Meta",14,HK-2494,http://www.baaa-acro.com/crash/crash-douglas-dc-3-finca-la-bendicion-14-killed
"Mar 5, 2019",Pilatus PC-6 (Porter & Turbo Porter),"Wat Bang Sala, Songkhla (สงขลา)",0,74-2079,http://www.baaa-acro.com/crash/crash-pilatus-au-23a-turbo-porter-wat-bang-sala
"Mar 4, 2019",Embraer ERJ-145,"Presque Isle, Maine",0,N14171,http://www.baaa-acro.com/crash/crash-embraer-erj-145xr-presque-isle
"Feb 28, 2019",Piper PA-46 Malibu Meridian (Malibu Mirage),"Shreveport-Downtown, Louisiana",2,N428CD,http://www.baaa-acro.com/crash/crash-piper-pa-46-350p-malibu-mirage-shreveport-2-killed
"Feb 23, 2019",Boeing 767-300,"Anahuac, Texas",3,N1217A,http://www.baaa-acro.com/crash/crash-boeing-767-375er-anahuac-3-killed
"Feb 15, 2019",Cessna 421C Golden Eagle III,"Waterfield Lake, Texas",2,N421NS,http://www.baaa-acro.com/crash/crash-cessna-421c-golden-eagle-iii-near-waterfield-lake-2-killed
"Feb 8, 2019",Convair C-131 Samaritan,"Miami, Florida",1,N145GT,http://www.baaa-acro.com/crash/crash-convair-c-131b-samaritan-miami-1-killed
"Feb 6, 2019",Piper PA-46 Malibu Meridian (Malibu Mirage),"Aurora State, Oregon",0,N997MA,http://www.baaa-acro.com/crash/crash-piper-pa-46-350p-malibu-mirage-aurora
"Feb 3, 2019",Cessna 414 Chancellor,"Yorba Linda, California",5,N414RS,http://www.baaa-acro.com/crash/crash-cessna-414a-chancellor-yorba-linda-5-killed
"Jan 30, 2019",Beechcraft 200 Super King Air,"Whatì, Northwest Territories",2,C-GTUC,http://www.baaa-acro.com/crash/crash-beechcraft-200-super-king-whati-2-killed
"Jan 29, 2019",Beechcraft 200 Super King Air,"Kake, Alaska",3,N13LY,http://www.baaa-acro.com/crash/crash-beechcraft-b200-super-king-air-kake-3-killed
"Jan 25, 2019",Cessna 207 Skywagon/Stationair,"Cayenne-Rochambeau-Félix Eboué, All French Guyana",0,F-OSIA,http://www.baaa-acro.com/crash/crash-cessna-207-stationair-7-cayenne
"Jan 21, 2019",Douglas DC-3,"Kidron-Stoltzfus, Ohio",2,N467KS,http://www.baaa-acro.com/crash/crash-ami-dc-3-65tp-kidron-2-killed
"Jan 21, 2019",Piper PA-46 Malibu Meridian (Malibu Mirage),"Alderney, Channel Islands",2,N264DB,http://www.baaa-acro.com/crash/crash-piper-pa-46-310p-malibu-alderney-2-killed
"Jan 14, 2019",Boeing 707,"Fath, Tehran City District",15,EP-CPP,http://www.baaa-acro.com/crash/crash-boeing-707-3j9c-fath-15-killed
"Jan 13, 2019",Canadair CL-601 Challenger,"Ox Ranch (Uvalde), Texas",0,N813WT,http://www.baaa-acro.com/crash/crash-canadair-cl-601-challenger-ox-ranch
"Jan 12, 2019",Partenavia P.68,"Strausberg, Brandenburg",2,D-GINA,http://www.baaa-acro.com/crash/crash-partenavia-p68b-victor-near-strausberg-2-killed
"Dec 24, 2018",Antonov AN-26,"Beni, Nord-Kivu",0,9T-TAB,http://www.baaa-acro.com/crash/crash-antonov-26b-beni
"Dec 20, 2018",Cessna 560 Citation V,"Atlanta-Fulton County-Brown Field, Georgia",4,N188CW,http://www.baaa-acro.com/crash/crash-cessna-560-citation-v-atlanta-4-killed
"Dec 20, 2018",Piper PA-46 Malibu Meridian (Malibu Mirage),"Ponte Vedra Beach, Florida",2,N307JM,http://www.baaa-acro.com/crash/crash-piper-pa-46-350p-malibu-ponte-vedra-beach-2-killed
"Dec 20, 2018",Antonov AN-26,"Kinshasa, Kinshasa City Province",7,9S-AGB,http://www.baaa-acro.com/crash/crash-antonov-26b-kinshasa-7-killed
"Dec 8, 2018",Britten-Norman Islander,"West Portal (Southwest National Park), Tasmania",1,VH-OBL,http://www.baaa-acro.com/crash/crash-britten-norman-bn-2a-20-islander-west-portal-1-killed
"Dec 6, 2018",Lockheed C-130 Hercules,"Pacific Ocean, All World",5,-,http://www.baaa-acro.com/crash/crash-lockheed-kc-130j-hercules-pacific-ocean-5-killed
"Nov 30, 2018",Cessna 525 CJ2,"Memphis, Indiana",3,N525EG,http://www.baaa-acro.com/crash/crash-cessna-525-citationjet-cj2-memphis-3-killed
"Nov 30, 2018",Cessna 550 Citation II,"Fargo-Hector, North Dakota",0,N941JM,http://www.baaa-acro.com/crash/crash-cessna-550-citation-ii-fargo
"Nov 26, 2018",Cessna 525 Citation M2,"Fazenda Fortaleza de Santa Terezinha (Várzea da Palma), Minas Gerais",4,PP-OEG,http://www.baaa-acro.com/crash/crash-cessna-525-citationjet-m2-fazenda-fortaleza-de-santa-terezinha-4-killed
"Nov 18, 2018",Cessna 441 Conquest,"Bismarck, North Dakota",3,N441CX,http://www.baaa-acro.com/crash/crash-cessna-441-conquest-ii-near-bismarck-3-killed
"Nov 13, 2018",Cessna 340,"Ponoka-Labrie Field, Alberta",0,C-GMLS,http://www.baaa-acro.com/crash/crash-cessna-340a-ponoka
"Nov 12, 2018",Rockwell Gulfstream 690C Jetprop 840,"Myrtle Beach, South Carolina",0,N840JC,http://www.baaa-acro.com/crash/crash-gulfstream-690c-jetprop-840-myrtle-beach
"Nov 9, 2018",Lockheed C-130 Hercules,"Chaklala-Nur Khan AFB (Islamabad), Islamabad Capital Territory (وفاقی دارالحکومت)",0,4180,http://www.baaa-acro.com/crash/crash-lockheed-c-130e-hercules-chaklala-nur-khan-afb
"Nov 9, 2018",Boeing 757-200,"Georgetown-Cheddi Jagan, Demerara-Mahaica",1,N524AT,http://www.baaa-acro.com/crash/crash-boeing-757-23n-georgetown-1-killed
"Nov 8, 2018",PZL-Mielec AN-2,"Arkhangelsk, Arkhangelsk oblast",0,RA-84674,http://www.baaa-acro.com/crash/crash-pzl-mielec-2r-near-arkhangelsk
"Nov 7, 2018",Boeing 747-400,"Halifax-Stanfield, Nova Scotia",0,N908AR,http://www.baaa-acro.com/crash/crash-boeing-747-412f-halifax
"Oct 29, 2018",Boeing 737 MAX 8,"Jakarta, City District of Jakarta",189,PK-LQP,http://www.baaa-acro.com/crash/crash-boeing-737-max-8-jakarta-189-killed
"Oct 28, 2018",Cessna 340,"Santa Cruz, Santa Cruz",0,N5224J,http://www.baaa-acro.com/crash/crash-cessna-340a-santa-cruz
"Oct 25, 2018",Piper PA-31 Cheyenne,"Atlantic Ocean, All World",5,N555PM,http://www.baaa-acro.com/crash/crash-piper-pa-31t-cheyenne-atlantic-ocean-5-killed
"Oct 21, 2018",Piper PA-46 Malibu Meridian (Malibu Mirage),"Hurricane, Utah",0,N413LL,http://www.baaa-acro.com/crash/crash-piper-pa-46-350p-malibu-mirage-hurricane
"Oct 3, 2018",Antonov AN-32,"Khartoum, Khartoum (الخرطوم)",0,-,http://www.baaa-acro.com/crash/crash-antonov-32-khartoum
"Oct 3, 2018",Antonov AN-26,"Khartoum, Khartoum (الخرطوم)",0,7706,http://www.baaa-acro.com/crash/crash-antonov-26-khartoum
"Sep 28, 2018",Boeing 737-800,"Weno Island, Chuuk Island",1,P2-PXE,http://www.baaa-acro.com/crash/crash-boeing-737-8bk-weno-island-1-killed
"Sep 27, 2018",Cessna 208B Grand Caravan,"Pacific Ocean, All World",1,VH-FAY,http://www.baaa-acro.com/crash/crash-cessna-208b-supervan-900-pacific-ocean-1-killed
"Sep 27, 2018",Dassault Falcon 50,"Greenville-Downtown, South Carolina",2,N114TD,http://www.baaa-acro.com/crash/crash-dassault-falcon-50-greenville-2-killed
"Sep 25, 2018",Beechcraft 200 Super King Air,"Oscoda-Wurtsmith, Michigan",1,N241CK,http://www.baaa-acro.com/crash/crash-beechcraft-200-super-king-air-oscoda-1-killed
"Sep 17, 2018",Ilyushin II-20,"Latakia, Latakia Governorate (مُحافظة اللاذقية‎)",15,RF-93610,http://www.baaa-acro.com/crash/crash-ilyushin-ii-20m-latakia-15-killed
"Sep 15, 2018",Beechcraft 90 King Air,"Ipumirim, Santa Catarina",1,PR-RFB,http://www.baaa-acro.com/crash/crash-beechcraft-c90b-king-air-ipumirim-1-killed
"Sep 9, 2018",Let 410UVP,"Yirol, Lakes (البحيرات)",20,UR-TWO,http://www.baaa-acro.com/crash/crash-let-410uvp-yirol-20-killed
"Sep 6, 2018",Cessna 340,"Kimball, Michigan",1,C-GLKX,http://www.baaa-acro.com/crash/crash-cessna-340a-kimball-1-killed
"Sep 1, 2018",Boeing 737-800,"Sochi-Adler, Krasnodar Krai",0,VQ-BJI,http://www.baaa-acro.com/crash/crash-boeing-737-8as-sochi
"Aug 30, 2018",De Havilland DHC-6 Twin Otter,"Mojo, Oromia",18,ET-AIU,http://www.baaa-acro.com/crash/cras-de-havilland-dhc-6-twin-otter-mojo-18-killed
"Aug 30, 2018",Beechcraft 60 Duke,"Destin-Executive, Florida",4,N1876L,http://www.baaa-acro.com/crash/crash-beechcraft-60-duke-destin-4-killed
"Aug 25, 2018",Grumman G-64 Albatross,"Atlantic Ocean, All World",0,N1955G,http://www.baaa-acro.com/crash/crash-grumman-g-64-atlantic-ocean
"Aug 21, 2018",Piper PA-31-310 Navajo,"Limoges, Haute-Vienne",0,F-HGPS,http://www.baaa-acro.com/crash/crash-piper-pa-31-310-navajo-near-limoges
"Aug 16, 2018",Boeing 737-800,"Manila-Ninoy Aquino, Metro Manila",0,B-5498,http://www.baaa-acro.com/crash/crash-boeing-737-85c-manila
"Aug 13, 2018",Cessna 525 CJ1,"Payson, Utah",1,N526CP,http://www.baaa-acro.com/crash/crash-cessna-525-citationjet-cj1-payson-1-killed
"Aug 11, 2018",PAC 750XL - Pacific Aerospace Corporation,"Oksibil, Special Region of Papua",8,PK-HVQ,http://www.baaa-acro.com/crash/crash-pacific-aerospace-pac-750xl-near-oksibil-8-killed
"Aug 11, 2018",De Havilland DH.89 Dragon Rapide,"Abbotsford, British Columbia",0,N683DH,http://www.baaa-acro.com/crash/crash-de-havilland-dh89a-dragon-rapide-4-abbotsford
"Aug 10, 2018",De Havilland Dash-8-400,"Ketron Island, Washington",1,N449QX,http://www.baaa-acro.com/crash/crash-de-havilland-dash-8-400-ketron-island-1-killed
"Aug 7, 2018",Dassault Falcon 20,"San Luis Potosí, San Luis Potosí",0,N961AA,http://www.baaa-acro.com/crash/crash-dassault-falcon-20d-san-luis-potosi
"Aug 5, 2018",Cessna 414 Chancellor,"Santa Ana-John Wayne, California",5,N727RP,http://www.baaa-acro.com/crash/crash-cessna-414-chancellor-santa-ana-5-killed
"Aug 4, 2018",De Havilland DHC-2 Beaver,"Mt Kahiltna, Alaska",5,N323KT,http://www.baaa-acro.com/crash/crash-de-havilland-dhc-2-beaver-i-mt-kahiltna-5-killed
"Aug 4, 2018",Junkers JU.52,"Piz Segnas, Glarus",20,HB-HOT,http://www.baaa-acro.com/crash/crash-junkers-ju523mg4e-piz-segnas-20-killed
"Aug 4, 2018",Extra EA-400,"Ponca City, Oklahoma",5,N13EP,http://www.baaa-acro.com/crash/crash-extra-ea-400-ponca-city-5-killed
"Aug 1, 2018",Piper PA-31-310 Navajo,"Kananaskis, Alberta",2,C-FNCI,http://www.baaa-acro.com/crash/crash-piper-pa-31-310-navajo-c-near-kananaskis-2-killed
"Jul 31, 2018",Embraer ERJ-190,"Durango, Durango",0,XA-GAL,http://www.baaa-acro.com/crash/crash-embraer-erj-190ar-durango
"Jul 30, 2018",Piper PA-60 Aerostar (Ted Smith 600),"Greenville, Maine",3,C-GRRS,http://www.baaa-acro.com/crash/crash-piper-pa-60-602p-aerostar-ted-smith-600-greenville-3-killed
"Jul 29, 2018",Beechcraft 90 King Air,"Campo de Marte AFB (São Paulo), São Paulo",1,PP-SZN,http://www.baaa-acro.com/crash/crash-beechcraft-c90gti-king-air-campo-de-marte-1-killed
"Jul 27, 2018",PZL-Mielec AN-2,"Kamako, Kasai-Occidental",5,9S-GFS,http://www.baaa-acro.com/crash/crash-pzl-mielec-2r-kamako-5-killed
"Jul 21, 2018",Douglas C-47 Skytrain (DC-3),"Burnet, Texas",0,N47HL,http://www.baaa-acro.com/crash/crash-douglas-c-47b-burnet
"Jul 20, 2018",Antonov AN-26,"El Alamein, Matruh",0,UP-AN611,http://www.baaa-acro.com/crash/crash-antonov-26b-near-el-alamein
"Jul 20, 2018",Piper PA-61 Aerostar (Ted Smith 601),"Baton Rouge, Louisiana",0,N327BK,http://www.baaa-acro.com/crash/crash-piper-pa-61-aerostar-ted-smith-601-baton-rouge
"Jul 18, 2018",De Havilland DHC-2 Beaver,"Willow Lake, Alaska",1,N9878R,http://www.baaa-acro.com/crash/crash-de-havilland-dhc-2-beaver-willow-lake-1-killed
"Jul 10, 2018",Convair CV-340,"Pretoria-Wonderboom, Gauteng",2,ZS-BRV,http://www.baaa-acro.com/crash/crash-convair-cv-340-pretoria-2-killed
"Jul 10, 2018",De Havilland DHC-3 Otter,"Ketchikan, Alaska",0,N3952B,http://www.baaa-acro.com/crash/crash-de-havilland-dhc-3t-otter-mt-jumbo
"Jun 28, 2018",Beechcraft 90 King Air,"Mumbai, Maharashtra",5,VT-UPZ,http://www.baaa-acro.com/crash/crash-beechcraft-c90a-king-air-mumbai-5-killed
"Jun 27, 2018",Piper PA-31-350 Navajo Chieftain,"Rio Jamanxim, Pará",2,PT-IIU,http://www.baaa-acro.com/crash/crash-piper-pa-31-350-navajo-chieftain-rio-jamanxim-2-killed
"Jun 26, 2018",Cessna 414 Chancellor,"Enstone, Oxfordshire",0,N414FZ,http://www.baaa-acro.com/crash/crash-cessna-414-chancellor-enstone
"Jun 24, 2018",Let 410UVP,"Souguéta, Kindia Region",4,-,http://www.baaa-acro.com/crash/crash-let-410uvp-near-sougueta-4-killed
"Jun 18, 2018",Piper PA-31-310 Navajo,"Ampangabe, Antananarivo Province",5,5R-MKF,http://www.baaa-acro.com/crash/crash-piper-pa-31-310-navajo-b-ampangabe-5-killed
"Jun 14, 2018",McDonnell Douglas MD-83,"Kiev-Zhuliany-Igor Sikorsky, Kiev oblast",0,UR-CPR,http://www.baaa-acro.com/crash/crash-mcdonnell-douglas-md-83-kiev
"Jun 13, 2018",Cessna 207 Skywagon/Stationair,"Susitna River, Alaska",1,N91038,http://www.baaa-acro.com/crash/crash-cessna-207-skywagon-susitna-river-1-killed
"Jun 6, 2018",Cessna 525 CJ2,"Saint-Tropez-La Môle, Var",0,D-IULI,http://www.baaa-acro.com/crash/crash-cessna-525-citationjet-cj2-saint-tropez
"Jun 6, 2018",PZL-Mielec AN-2,"Băleni, Dâmbovița",0,YR-DAX,http://www.baaa-acro.com/crash/crash-pzl-mielec-2r-baleni
"Jun 5, 2018",Cessna 208B Grand Caravan,"Mt Aberdare, Central",10,5Y-CAC,http://www.baaa-acro.com/crash/crash-cessna-208b-grand-caravan-mt-aberdare-10-killed
"Jun 5, 2018",Cessna 421B Golden Eagle II,"Rock Sound, South Eleuthera",3,N421MM,http://www.baaa-acro.com/crash/crash-cessna-421b-golden-eagle-ii-rock-sound-3-killed
"Jun 4, 2018",GippsAero GA10 Airvan,"Mojave, California",0,VH-XMH,http://www.baaa-acro.com/crash/crash-gippsaero-ga10-airvan-near-mojave
"Jun 3, 2018",Partenavia P.68,"Endelave Island, Sjælland",0,D-GATA,http://www.baaa-acro.com/crash/crash-partenavia-p68b-victor-endelave-island
"Jun 3, 2018",Lockheed C-130 Hercules,"Biskra, Biskra",1,7T-WHT,http://www.baaa-acro.com/crash/crash-lockheed-c-130h-hercules-biskra-1-killed
"Jun 2, 2018",Piper PA-31-350 Navajo Chieftain,"Amagansett, New York",4,N41173,http://www.baaa-acro.com/crash/crash-piper-pa-31-350-navajo-chieftain-amagansett-4-killed
"May 30, 2018",Cessna 208B Grand Caravan,"Kamonia, Kasai-Occidental",0,5X-MRH,http://www.baaa-acro.com/crash/crash-cessna-208b-grand-caravan-kamonia
"May 29, 2018",Piper PA-46 Malibu Meridian (Malibu Mirage),"Prescott, Arizona",0,N148ME,http://www.baaa-acro.com/crash/crash-piper-pa-46-310p-malibu-prescott
"May 27, 2018",Cessna 421 Golden Eagle,"Génova, Quetzaltenango",2,N113FT,http://www.baaa-acro.com/crash/crash-cessna-421-golden-eagle-near-genova-2-killed
"May 22, 2018",Gulfstream G200,"Tegucigalpa, Francisco Morazán",0,N813WM,http://www.baaa-acro.com/crash/crash-gulfstream-g200-tegucigalpa
"May 22, 2018",Cessna 208B Grand Caravan,"Manaus-Aeroclube de Flores, Amazonas",0,PT-FLW,http://www.baaa-acro.com/crash/crash-cessna-208b-grand-caravan-manaus
"May 18, 2018",Boeing 737-200,"Havana-José Martí, La Habana",112,XA-UHZ,http://www.baaa-acro.com/crash/crash-boeing-737-201-havana-112-killed
"May 16, 2018",Cessna 208B Grand Caravan,"Simikot, Karnali",2,9N-AJU,http://www.baaa-acro.com/crash/crash-cessna-208b-grand-caravan-near-simikot-2-killed
"May 15, 2018",Cessna 208B Grand Caravan,"Tuzantán, Chiapas",3,N149CD,http://www.baaa-acro.com/crash/crash-cessna-208b-grand-caravan-near-tuzantan-3-killed
"May 13, 2018",Cessna 208B Grand Caravan,"Clonbullogue, Leinster",2,G-KNYS,http://www.baaa-acro.com/crash/crash-cessna-208b-grand-caravan-clonbullogue-2-killed
"May 5, 2018",Embraer KC-390,"Gavião Peixoto-Embraer Unidade, São Paulo",0,PT-ZNF,http://www.baaa-acro.com/crash/crash-embraer-kc-390-gaviao-peixoto
"May 2, 2018",Lockheed C-130 Hercules,"Savannah, Georgia",9,65-0968,http://www.baaa-acro.com/crash/crash-lockheed-hc-130h-hercules-savannah-9-killed
"May 2, 2018",Beechcraft 99 Airliner,"Ibagué, Tolima",4,PNC-0203,http://www.baaa-acro.com/crash/crash-beechcraft-99-ibague-4-killed
"May 1, 2018",Pilatus PC-12,"Ubatuba, São Paulo",0,PR-WBV,http://www.baaa-acro.com/crash/crash-pilatus-pc-1247e-ubatuba
"Apr 29, 2018",Lockheed C-130 Hercules,"Sharara Field, Wadi al Hayaa (وادي الحياة)",3,-,http://www.baaa-acro.com/crash/crash-lockheed-c-130-hercules-sharara-3-killed
"Apr 26, 2018",Cessna 402,"Tanner-Hiller, Massachusetts",0,N87266,http://www.baaa-acro.com/crash/crash-cessna-402b-tanner-hiller
"Apr 24, 2018",Cessna 303 Crusader,"Batesland, South Dakota",0,N9746C,http://www.baaa-acro.com/crash/crash-cessna-t303-crusader-batesland
"Apr 20, 2018",McDonnell Douglas MD-83,"Alexandria, Louisiana",0,N807WA,http://www.baaa-acro.com/crash/crash-mcdonnell-douglas-md-83-alexandria
"Apr 15, 2018",Cessna 525 CJ1,"Crozet, Virginia",1,N525P,http://www.baaa-acro.com/crash/crash-cessna-525-cj1-crozet-1-killed
"Apr 14, 2018",Antonov AN-74,"Akola, Jonglei (جونقلي)",0,EK-74036,http://www.baaa-acro.com/crash/crash-antonov-74-200-akola
"Apr 11, 2018",Ilyushin II-76,"Boufarik, Blida",257,7T-WIV,http://www.baaa-acro.com/crash/crash-ilyushin-ii-76td-boufarik-afb-257-killed
"Apr 2, 2018",Cessna 525 CJ4,"Marion-Municipal, Indiana",0,N511AC,http://www.baaa-acro.com/crash/crash-cessna-525-citation-cj4-marion
"Apr 1, 2018",Cessna 401,"Pelagiada, Stavropol Krai",0,RA-1272G,http://www.baaa-acro.com/crash/crash-cessna-401-pelagiada
"Mar 16, 2018",Beechcraft 99 Airliner,"Hastings, Nebraska",0,N213AV,http://www.baaa-acro.com/crash/crash-beechcraft-c99-hastings
"Mar 15, 2018",Beechcraft 200 Super King Air,"Blue Creek, Orange Walk",0,YV3284,http://www.baaa-acro.com/crash/crash-beechcraft-b200-super-king-air-blue-creek
"Mar 12, 2018",De Havilland Dash-8-400,"Kathmandu-Tribhuvan, Bagmati",51,S2-AGU,http://www.baaa-acro.com/crash/crash-de-havilland-dhc-8-q402-dash-8-kathmandu-51-killed
"Mar 11, 2018",Canadair CL-604 Challenger,"Shahr-e-Kord, Chahar Mahaal and Bakhtiari",11,TC-TRB,http://www.baaa-acro.com/crash/crash-canadair-cl-600-2b16-challenger-604-near-shahr-e-kord-11-killed
"Mar 8, 2018",Piper PA-31-310 Navajo,"Laredo, Texas",2,N82605,http://www.baaa-acro.com/crash/crash-piper-pa-31p-navajo-laredo-2-killed
"Mar 6, 2018",Antonov AN-26,"Hmeimim AFB (Latakia), Latakia Governorate (مُحافظة اللاذقية‎)",39,RF-92955,http://www.baaa-acro.com/crash/crash-antonov-26-hmeimim-afb-39-killed
"Mar 1, 2018",Beechcraft 60 Duke,"Ferris, Texas",0,N77MM,http://www.baaa-acro.com/crash/crash-beechcraft-b60-duke-near-ferris
"Feb 27, 2018",Quest Kodiak 100,"Welaka, Florida",2,N969TB,http://www.baaa-acro.com/crash/crash-quest-kodiak-100-welaka-2-killed
"Feb 23, 2018",Beechcraft 100 King Air,"Abbotsford, British Columbia",0,C-GIAE,http://www.baaa-acro.com/crash/crash-beechcraft-b100-king-air-abbotsford
"Feb 22, 2018",Cessna 441 Conquest,"Owasco, Indiana",3,N771XW,http://www.baaa-acro.com/crash/crash-cessna-441-conquest-ii-owesco-3-killed
"Feb 18, 2018",ATR72-200,"Mt Dena, Isfahan",66,EP-ATS,http://www.baaa-acro.com/crash/crash-atr72-212-mt-dena-66-killed
"Feb 18, 2018",Socata TBM-700,"Evanston-Uinta County, Wyoming",2,N700VX,http://www.baaa-acro.com/crash/crash-socata-tbm-700-evanston-2-killed
"Feb 16, 2018",Airbus A320,"Tallinn-Lennart Meri-Ülemiste, Harjumaa",0,ES-SAN,http://www.baaa-acro.com/crash/crash-airbus-a320-214-tallinn
"Feb 11, 2018",Antonov AN-148,"Argunovo, Moscow oblast",71,RA-61704,http://www.baaa-acro.com/crash/crash-antonov-148-100-argunovo-71-killed
"Jan 29, 2018",Shaanxi Y-8,"Zhengchang, Guizhou",12,30513,http://www.baaa-acro.com/crash/crash-shaanxi-y-8gx-3-near-zhengchang-12-killed
"Jan 17, 2018",Casa-Nurtanio CN235 (IPTN),"Yalvaç, Mediterranean Region (Akdeniz Bölgesi)",3,98-148,http://www.baaa-acro.com/crash/crash-casa-nurtanio-cn-235m-100-near-yalvac-3-killed
"Jan 13, 2018",Boeing 737-800,"Trabzon, Black Sea Region (Karadeniz Bölgesi)",0,TC-CPF,http://www.baaa-acro.com/crash/crash-boeing-737-82r-trabzon
"Jan 7, 2018",Cessna 208B Grand Caravan,"Akobo, Jonglei (جونقلي)",1,5Y-FDC,http://www.baaa-acro.com/crash/crash-cessna-208b-grand-caravan-akobo-1-killed
"Jan 6, 2018",PZL-Mielec AN-2,"La Paragua, Bolívar",0,YV1944,http://www.baaa-acro.com/crash/crash-pzl-mielec-2tp-la-paragua
"Jan 2, 2018",Cessna (DMI) Falcon 402,"Bazaruto Island, Inhambane",0,ZU-MDI,http://www.baaa-acro.com/crash/crash-cessna-dmi-falcon-402-bazaruto-island
"Dec 31, 2017",De Havilland DHC-2 Beaver,"Cottage Point, New South Wales",6,VH-NOO,http://www.baaa-acro.com/crash/crash-de-havilland-dhc-2-beaver-cottage-point-6-killed
"Dec 31, 2017",Cessna 208B Grand Caravan,"Punta Islita, Guanacaste (North Pacific)",12,TI-BEI,http://www.baaa-acro.com/crash/crash-cessna-208b-grand-caravan-punta-islita-12-killed
"Dec 27, 2017",Cessna 525 CJ2,"Michigan City, Indiana",0,N525KT,http://www.baaa-acro.com/crash/crash-cessna-525-citationjet-cj2-michigan-city
"Dec 24, 2017",Cessna 340,"Bartow, Florida",5,N247AT,http://www.baaa-acro.com/crash/crash-cessna-340-bartow-5-killed
"Dec 23, 2017",Britten-Norman Islander,"Saidor Gap, Morobe",1,P2-ISM,http://www.baaa-acro.com/crash/crash-britten-norman-bn-2a-islander-saidor-gap-1-killed
"Dec 21, 2017",Cessna 207 Skywagon/Stationair,"Playa del Carmen, Quintana Roo",0,XA-UHL,http://www.baaa-acro.com/crash/crash-cessna-207-skywagon-near-playa-del-carmen
"Dec 19, 2017",PZL-Mielec AN-2,"Naryan-Mar, Arkhangelsk oblast",4,RA-01460,http://www.baaa-acro.com/crash/crash-pzl-mielec-2ms-naryan-mar-4-killed
"Dec 14, 2017",Cessna 510 Mustang,"Friedrichshafen, Baden-Württemberg",3,OE-FWD,http://www.baaa-acro.com/crash/crash-cessna-510-citation-mustang-sieberatsreute-3-killed
"Dec 13, 2017",ATR42-300,"Fond-du-Lac, Saskatchewan",1,C-GWEA,http://www.baaa-acro.com/crash/crash-atr42-300-fond-du-lac-1-killed
"Dec 10, 2017",Piper PA-61 Aerostar (Ted Smith 601),"Miami-Executive (Kendall-Tamiami), Florida",1,N7529S,http://www.baaa-acro.com/crash/crash-piper-pa-61-aerostar-miami-1-killed
"Dec 8, 2017",Beechcraft 90 King Air,"Sanford, Florida",3,N19LW,http://www.baaa-acro.com/crash/crash-beechcraft-king-air-c90-near-sanford-3-killed
"Dec 5, 2017",Beechcraft 90 King Air,"Rockford, Illinois",0,N500KR,http://www.baaa-acro.com/crash/crash-beechcraft-king-air-c90-rockford
"Nov 28, 2017",De Havilland DHC-6 Twin Otter,"Simikot, Karnali",0,9N-ABM,http://www.baaa-acro.com/crash/crash-de-havilland-dhc-6-twin-otter-simikot-0
"Nov 25, 2017",Piper PA-46 Malibu Meridian (Malibu Mirage),"Saint Petersburg-Clearwater, Florida",0,N863RB,http://www.baaa-acro.com/crash/crash-piper-pa-46-500tp-malibu-meridian-saint-petersburg
"Nov 22, 2017",Grumman C-2A Greyhound,"Philippines Sea, All World",3,162175,http://www.baaa-acro.com/crash/crash-grumman-c-2ar-greyhound-philippines-sea-3-killed
"Nov 17, 2017",Cessna 208B Grand Caravan,"Placencia, Stann Creek",0,V3-HGX,http://www.baaa-acro.com/crash/crash-cessna-208b-grand-caravan-placencia
"Nov 15, 2017",Let 410UVP,"Nelkan, Khabarovsk Krai",6,RA-67047,http://www.baaa-acro.com/crash/crash-let-410uvp-e20-nelkan-6-killed
"Nov 15, 2017",Cessna 208B Grand Caravan,"Empakaai Camp, Arusha Region",11,5H-EGG,http://www.baaa-acro.com/crash/crash-cessna-208b-grand-caravan-empakaai-camp-11-killed
"Nov 10, 2017",Quest Kodiak 100,"Goiás, Goiás",0,N154KQ,http://www.baaa-acro.com/crash/crash-quest-kodiak-100-goias
"Nov 7, 2017",PZL-Mielec AN-2,"Ekimchan, Amur oblast",1,RA-02305,http://www.baaa-acro.com/crash/crash-pzl-mielec-2-ekimchan-1-killed
"Oct 25, 2017",Cessna 208B Grand Caravan,"Lobo, Mara Region",0,5H-THR,http://www.baaa-acro.com/crash/crash-cessna-208b-grand-caravan-lobo
"Oct 19, 2017",Beechcraft 200 Super King Air,"Nuevo Saposoa, Ucayali",0,OB-2077-P,http://www.baaa-acro.com/crash/crash-beechcraft-super-king-air-b200c-nuevo-saposoa
"Oct 18, 2017",Cessna 402,"Saint Petersburg, Florida",0,N900CR,http://www.baaa-acro.com/crash/crash-cessna-402b-st-petersburg
"Oct 17, 2017",Cessna 208A Caravan,"Manaus, Amazonas",1,PR-MPE,http://www.baaa-acro.com/crash/crash-cessna-208a-caravan-i-near-manaus-1-killed
"Oct 14, 2017",Antonov AN-26,"Abidjan, Lagunes",4,ER-AVB,http://www.baaa-acro.com/crash/crash-antonov-26-100-abidjan-4-killed
"Oct 12, 2017",Embraer EMB-120 Brasília,"Cuilo, Lunda Norte",7,D2-FDO,http://www.baaa-acro.com/crash/crash-embraer-emb-120rt-brasilia-near-cuilo-7-killed
"Oct 4, 2017",Cessna 401,"Lane, South Carolina",2,N401HH,http://www.baaa-acro.com/crash/crash-cessna-401b-near-lane-2-killed
"Oct 4, 2017",De Havilland DHC-6 Twin Otter,"Male, North Central Province",0,8Q-ISB,http://www.baaa-acro.com/crash/crash-de-havilland-dhc-6-twin-otter-300-male
"Oct 4, 2017",PZL-Mielec AN-28,"Mezhdurechenskoye, Almaty Province",5,UP-A2807,http://www.baaa-acro.com/crash/crash-pzl-mielec-28-mezhdurechenskoye-5-killed
"Sep 30, 2017",Antonov AN-12,"Kinshasa, Kinshasa City Province",12,EX-001,http://www.baaa-acro.com/crash/crash-antonov-12-near-kinshasa-12-killed
"Sep 26, 2017",Cessna 421B Golden Eagle II,"Stráž pod Ralskem, Liberec Region (Liberecký kraj)",2,OK-TKF,http://www.baaa-acro.com/crash/crash-cessna-421b-golden-eagle-ii-near-straz-pod-ralskem-2-killed
"Sep 26, 2017",Rockwell Aero Commander 500,"Dabajuro, Falcón",1,HI-560,http://www.baaa-acro.com/crash/crash-rockwell-aero-commander-500-dabajuro-1-killed
"Sep 23, 2017",Mitsubishi MU-2 Marquise,"Ainsworth, Nebraska",1,N73MA,http://www.baaa-acro.com/crash/crash-mitsubishi-mu-2b-40-solitaire-ainsworth-1-killed
"Sep 21, 2017",Cessna 650 Citation VII,"Istanbul-Atatürk, Marmara Region (Marmara Bölgesi)",0,TC-KON,http://www.baaa-acro.com/crash/crash-cessna-650-citation-vii-istanbul
"Sep 10, 2017",Antonov AN-26,"Goma, Nord-Kivu",0,9S-AFL,http://www.baaa-acro.com/crash/crash-antonov-26b-goma
"Sep 6, 2017",Piper PA-31-310 Navajo,"Caernarfon, Gwynedd",1,N250AC,http://www.baaa-acro.com/crash/crash-piper-pa-31-310-navajo-caernarfon-1-killed
"Sep 4, 2017",BAe 125,"Hato Viejo, Cojedes",2,-,http://www.baaa-acro.com/crash/crash-bae-125-700-near-hato-viejo-2-killed
"Sep 2, 2017",PZL-Mielec AN-2,"Chernoye, Moscow oblast",2,RA-35171,http://www.baaa-acro.com/crash/crash-pzl-mielec-2-chernoye-2-killed
"Aug 28, 2017",Antonov AN-26,"Maban, Upper Nile (أعالي النيل)",0,EK-26006,http://www.baaa-acro.com/crash/crash-antonov-26b-maban
"Aug 19, 2017",Piper PA-61 Aerostar (Ted Smith 601),"Donegal Springs, Pennsylvania",0,N7108,http://www.baaa-acro.com/crash/crash-piper-pa-61p-aerostar-donegal-springs
"Aug 19, 2017",Learjet 25,"Naiguatá, Vargas",5,YV3191,http://www.baaa-acro.com/crash/crash-learjet-25d-naiguata-5-killed
"Aug 16, 2017",Let 410UVP,"Comayagua-Palmerola AFB, Comayagua",1,FAH-322,http://www.baaa-acro.com/crash/crash-let-410uvp-e3-comayagua-1-killed
"Aug 14, 2017",Socata TBM-700,"Zemyo, Kansai",2,N702AV,http://www.baaa-acro.com/crash/crash-socata-tbm-700-zemyo-2-killed
"Aug 8, 2017",Piper PA-46 Malibu Meridian (Malibu Mirage),"Mainau Island, Baden-Württemberg",2,HB-PPH,http://www.baaa-acro.com/crash/crash-piper-pa-46-350p-malibu-mirage-mainau-island-2-killed
"Jul 29, 2017",Antonov AN-74,"São Tomé, Água Grande",0,UR-CKC,http://www.baaa-acro.com/crash/crash-antonov-74tk-100-sao-tome
"Jul 25, 2017",Britten-Norman Islander,"Eteringbang, Cuyuni-Mazaruni",1,8R-GRA,http://www.baaa-acro.com/crash/crash-britten-norman-bn-2a-26-islander-eteringbang-1-killed
"Jul 24, 2017",Mitsubishi MU-2 Marquise,"Buenos Aires-San Fernando, Buenos Aires City",3,LV-MCV,http://www.baaa-acro.com/crash/crash-mitsubishi-mu-2b-26a-marquise-near-san-fernando-3-killed
"Jul 18, 2017",Boeing 737-300,"Wamena, Special Region of Papua",0,PK-YGG,http://www.baaa-acro.com/crash/crash-boeing-737-301f-wamena
"Jul 13, 2017",Piper PA-31 Cheyenne,"Tyler-Pounds, Texas",2,N47GW,http://www.baaa-acro.com/crash/crash-piper-pa-31t1-cheyenne-tyler-2-killed
"Jul 10, 2017",Lockheed C-130 Hercules,"Itta Bena, Mississippi",16,165000,http://www.baaa-acro.com/crash/crash-lockheed-kc-130t-hercules-near-itta-bena-16-killed
"Jul 5, 2017",Pilatus PC-6 (Porter & Turbo Porter),"Wamena, Special Region of Papua",5,PK-RCX,http://www.baaa-acro.com/crash/crash-pilatus-pc-6b2-h4-turbo-porter-near-wamena-5-killed
"Jul 4, 2017",Gulfstream GIII,"Punta Arenas, Nueva Esparta",9,YV2896,http://www.baaa-acro.com/crash/crash-gulfstream-giii-punta-arenas-9-killed
"Jul 3, 2017",Cessna 208B Grand Caravan,"Alpine-Casparis, Texas",0,N9714B,http://www.baaa-acro.com/crash/crash-cessna-208b-grand-caravan-alpine
"Jul 1, 2017",Cessna 421C Golden Eagle III,"Catawba, Wisconsin",6,N2655B,http://www.baaa-acro.com/crash/crash-cessna-421c-golden-eagle-iii-catawba-6-killed
"Jun 27, 2017",PZL-Mielec AN-2,"Kilia, Odessa Oblast",0,UR-19717,http://www.baaa-acro.com/crash/crash-pzl-mielec-2r-kilia
"Jun 26, 2017",Cessna 207 Skywagon/Stationair,"Vinalhaven, Maine",0,N207GM,http://www.baaa-acro.com/crash/crash-cessna-207-stationair-vinalhaven
"Jun 13, 2017",Beechcraft 90 King Air,"Ruidoso-Sierra Blanca, New Mexico",2,N48TA,http://www.baaa-acro.com/crash/crash-beechcraft-king-air-e90-ruidoso-2-killed
"Jun 7, 2017",Shaanxi Y-8,"Andaman Sea, All World",122,5820,http://www.baaa-acro.com/crash/crash-shaanxi-y-8f-200w-andaman-sea-122-killed
"Jun 3, 2017",Fokker F27 Friendship,"Garbaharey, Geedo (جوبا الوسطى‎)",0,5Y-FMM,http://www.baaa-acro.com/crash/crash-fokker-f27-friendship-600-garbaharey
"May 31, 2017",Cessna 421A Golden Eagle I,"Buenos Aires-Ezeiza-Ministro Pistarini, Buenos Aires City",0,LQ-JLY,http://www.baaa-acro.com/crash/crash-cessna-421a-golden-eagle-i-buenos-aires
"May 30, 2017",PZL-Mielec AN-28,"Bajura, Seti",1,NA-048,http://www.baaa-acro.com/crash/crash-pzl-mielec-m28-05-skytruck-bajura-1-killed
"May 30, 2017",Antonov AN-26,"Balashov, Saratov oblast",1,RF-36160,http://www.baaa-acro.com/crash/crash-antonov-26-balashov-1-killed
"May 30, 2017",Cessna 441 Conquest,"Renmark, South Australia",3,VH-XMJ,http://www.baaa-acro.com/crash/crash-cessna-441-conquest-ii-renmark-3-killed
"May 27, 2017",Let 410UVP,"Lukla-Tenzing-Hillary, Sagarmatha",2,9N-AKY,http://www.baaa-acro.com/crash/crash-let-410uvp-e20-lukla-2-killed
"May 24, 2017",De Havilland DHC-6 Twin Otter,"Perris Valley, California",0,N708PV,http://www.baaa-acro.com/crash/crash-de-havilland-dhc-6-twin-otter-300-perris-valley
"May 17, 2017",Learjet 25,"Toluca, México",2,XA-VMC,http://www.baaa-acro.com/crash/crash-learjet-25b-toluca-2-killed
"May 15, 2017",Beechcraft 350 Super King Air,"Assabu, Hokkaidō",4,23057,http://www.baaa-acro.com/crash/crash-beechcraft-lr-2-hayabusa-near-assabu-4-killed
"May 15, 2017",Learjet 35,"Teterboro, New Jersey",2,N452DA,http://www.baaa-acro.com/crash/crash-learjet-35a-teterboro-2-killed
"May 15, 2017",Mitsubishi MU-2 Marquise,"Eleuthera Island, All Bahamas",4,N220N,http://www.baaa-acro.com/crash/crash-mitsubishi-mu-2b-40-marquise-eleuthera-island-4-killed
"May 5, 2017",Short 330,"Charleston-Yaeger (Kanawha), West Virginia",2,N334AC,http://www.baaa-acro.com/crash/crash-short-330-200-charleston-2-killed
"May 3, 2017",Piper PA-31-310 Navajo,"Colton, New York",1,C-GQAM,http://www.baaa-acro.com/crash/crash-piper-pa-31-310-navajo-c-near-colton-1-killed
"May 1, 2017",Cessna 208B Grand Caravan,"Chignik, Alaska",1,N803TH,http://www.baaa-acro.com/crash/crash-cessna-208b-grand-caravan-near-chignik-1-killed
"May 1, 2017",Cessna 208B Grand Caravan,"Bogotá-Guaymaral, Bogotá Capital District",8,EJC-1130,http://www.baaa-acro.com/crash/crash-cessna-208b-grand-caravan-near-guaymaral-8-killed
"Apr 30, 2017",Piper PA-31-310 Navajo,"Schefferville, Quebec",2,C-FQQB,http://www.baaa-acro.com/crash/crash-piper-pa-31-310-navajo-near-schefferville-2-killed
"Apr 29, 2017",Antonov AN-26,"San Cristobal, Artemisa",8,CU-T1406,http://www.baaa-acro.com/crash/crash-antonov-26-near-san-cristobal-8-killed
"Apr 28, 2017",Pilatus PC-12,"Amarillo-Rick Husband, Texas",3,N933DC,http://www.baaa-acro.com/crash/crash-pilatus-pc-12-amarillo-3-killed
"Apr 25, 2017",Cessna 421C Golden Eagle III,"Huntsville, Texas",1,N421TK,http://www.baaa-acro.com/crash/crash-cessna-421c-golden-eagle-iii-huntsville-1-killed
"Apr 17, 2017",Piper PA-31 Cheyenne,"Cascais, Estremadura - Lisbon District",5,HB-LTI,http://www.baaa-acro.com/crash/crash-piper-pa-31t-620-cheyenne-ii-cascais-5-killed
"Apr 12, 2017",Cessna 208 Caravan,"Oksibil, Special Region of Papua",1,PK-FSO,http://www.baaa-acro.com/crash/crash-cessna-208-caravan-i-near-oksibil-1-killed
"Apr 7, 2017",Piper PA-46 Malibu Meridian (Malibu Mirage),"Harrisburg, Oregon",4,N123SB,http://www.baaa-acro.com/crash/crash-piper-pa-46-310p-malibu-harrisburg-4-killed
"Apr 1, 2017",Let 410UVP,"Yei, Central Equatoria (الاستوائية الوسطى)",0,5X-EIV,http://www.baaa-acro.com/crash/crash-let-410uvp-e9-yei
"Mar 31, 2017",Piper PA-42 Cheyenne,"Sorocaba, São Paulo",2,PP-EPB,http://www.baaa-acro.com/crash/crash-piper-pa-42-720-cheyenne-iii-sorocaba-2-killed
"Mar 30, 2017",PZL-Mielec AN-2,"La Paragua, Bolívar",0,YV1638,http://www.baaa-acro.com/crash/crash-pzl-mielec-2t-la-paragua
"Mar 28, 2017",Boeing 737-300,"Jauja, Junín",0,OB-2036-P,http://www.baaa-acro.com/crash/crash-boeing-737-3m8-jauja
"Mar 27, 2017",Britten-Norman Islander,"Mutare, Manicaland",6,C9-AOV,http://www.baaa-acro.com/crash/crash-britten-norman-bn-2a-islander-near-mutare-6-killed
"Mar 24, 2017",Cessna 500 Citation,"Marietta, Georgia",1,N8DX,http://www.baaa-acro.com/crash/crash-cessna-500-citation-i-marietta-1-killed
"Mar 20, 2017",Antonov AN-26,"Wau, Western Bahr el Ghazal (غرب بحر الغزال)",0,S9-TLZ,http://www.baaa-acro.com/crash/crash-antonov-26-wau
"Mar 14, 2017",Pilatus PC-12,"Cannon AFB (Clovis), New Mexico",3,08-0724,http://www.baaa-acro.com/crash/crash-pilatus-u-28a-cannon-afb-3-killed
"Mar 8, 2017",McDonnell Douglas MD-83,"Detroit-Willow Run (Ypsilanti), Michigan",0,N786TW,http://www.baaa-acro.com/crash/crash-mcdonnell-douglas-md-83-detroit
"Mar 5, 2017",Pilatus PC-12,"Kamphaeng Saen, Nakhon Pathom (จังหวัดนครปฐม)",1,VT-AVG,http://www.baaa-acro.com/crash/crash-pilatus-pc-1247-kamphaeng-saen-1-killed
"Mar 4, 2017",Cessna 421B Golden Eagle II,"Cherokee County, Georgia",1,N421KL,http://www.baaa-acro.com/crash/crash-cessna-421b-golden-eagle-ii-cherokee-county-1-killed
"Mar 4, 2017",Beechcraft 60 Duke,"Duette, Florida",2,N39AG,http://www.baaa-acro.com/crash/crash-beechcraft-b60-duke-duette-2-killed
"Feb 21, 2017",Beechcraft 200 Super King Air,"Melbourne-Essendon, Victoria",5,VH-ZCR,http://www.baaa-acro.com/crash/crash-beechcraft-super-king-air-b200-melbourne-5-killed
"Feb 15, 2017",Piper PA-46 Malibu Meridian (Malibu Mirage),"Chichén Itzá, Yucatán",0,N116TH,http://www.baaa-acro.com/crash/crash-piper-pa-46-310p-malibu-chichen-itza
"Feb 9, 2017",Casa 212 Aviocar,"Thebephatshwa AFB, Kweneng District",3,-,http://www.baaa-acro.com/crash/crash-casa-212-aviocar-300-thebephatshwa-afb-3-killed
"Jan 28, 2017",Boeing 737-400,"Leticia, Amazonas",0,HK-5197,http://www.baaa-acro.com/crash/crash-boeing-737-476-leticia
"Jan 26, 2017",Grumman G-73 Mallard,"Perth, Western Australia",2,VH-CQA,http://www.baaa-acro.com/crash/crash-grumman-g-73-mallard-perth-2-killed
"Jan 23, 2017",Beechcraft 300 Super King Air,"Tucson, Arizona",2,N385KA,http://www.baaa-acro.com/crash/crash-beechcraft-super-king-air-300-tucson-2-killed
"Jan 19, 2017",Beechcraft 90 King Air,"Paraty, Rio de Janeiro",5,PR-SOM,http://www.baaa-acro.com/crash/crash-beechcraft-c90gt-king-air-paraty-5-killed
"Jan 16, 2017",Cessna 525 CJ4,"Howell, Michigan",0,N525PZ,http://www.baaa-acro.com/crash/crash-cessna-525c-citationjet-cj4-howell
"Jan 16, 2017",Boeing 747-400,"Bishkek-Manas, Bishkek City",38,TC-MCL,http://www.baaa-acro.com/crash/crash-boeing-747-412f-bishkek-38-killed
"Jan 2, 2017",Let 410UVP,"Shabunda, Sud-Kivu",0,9Q-CZR,http://www.baaa-acro.com/crash/crash-let-410uvp-shabunda-0
"Dec 29, 2016",Cessna 525 CJ4,"Cleveland-Burke Lakefront, Ohio",6,N614SB,http://www.baaa-acro.com/crash/crash-cessna-525c-citationjet-cj4-cleveland-6-killed
"Dec 27, 2016",Epic LT,"Spruce Creek, Florida",2,N669WR,http://www.baaa-acro.com/crash/crash-epic-lt-spruce-creek-2-killed
"Dec 25, 2016",Tupolev TU-154,"Sochi-Adler, Krasnodar Krai",92,RA-85572,http://www.baaa-acro.com/crash/crash-tupolev-tu-154b-2-sochi-92-killed
"Dec 21, 2016",Beechcraft 200 Super King Air,"Butterworth AFB (Penang), Penang",1,M41-03,http://www.baaa-acro.com/crash/crash-beechcraft-super-king-air-b200t-butterworth-afb-1-killed
"Dec 20, 2016",Boeing 727-200,"Puerto Carreño, Vichada",5,HK-4544,http://www.baaa-acro.com/crash/crash-boeing-727-2j0f-puerto-carreno-5-killed
"Dec 19, 2016",Ilyushin II-18,"Tiksi, Republic of Yakutia (Sakha)",0,RF-91821,http://www.baaa-acro.com/crash/crash-ilyushin-ii-18v-near-tiksi
"Dec 18, 2016",Lockheed C-130 Hercules,"Wamena, Special Region of Papua",13,A-1334,http://www.baaa-acro.com/crash/crash-lockheed-c-130h-hercules-wamena-13-killed
"Dec 13, 2016",Cessna (DMI) Falcon 402,"Lanseria, Gauteng",0,ZU-TVB,http://www.baaa-acro.com/crash/crash-cessna-dmi-falcon-402-lanseria
"Dec 12, 2016",Quest Kodiak 100,"Moab, Utah",1,N772RT,http://www.baaa-acro.com/crash/crash-quest-kodiak-100-near-moab-1-killed
"Dec 12, 2016",PAC 750XL - Pacific Aerospace Corporation,"Tiniroto, Gisborne District Council",2,ZK-XLA,http://www.baaa-acro.com/crash/crash-pacific-aerospace-falcon-3000xl-near-tiniroto-2-killed
"Dec 7, 2016",ATR42-500,"Havelian, Khyber Pakhtunkhwa (خیبرپختونخوا)",47,AP-BHO,http://www.baaa-acro.com/crash/crash-atr42-500-near-havelian-47-killed
"Dec 5, 2016",Swearingen SA227 Metro III,"Pebble City, Georgia",1,N765FA,http://www.baaa-acro.com/crash/crash-swearingen-sa227ac-metro-iii-near-pebble-city-1-killed
"Dec 4, 2016",Beechcraft 90 King Air,"Sotillo de las Palomas, Castile-La Mancha",4,N79CT,http://www.baaa-acro.com/crash/crash-beechcraft-king-air-e90-sotillo-de-las-palomas-4-killed
"Dec 3, 2016",PZL-Mielec AN-28,"Tanjung Pinang, Riau Islands",13,P-4201,http://www.baaa-acro.com/crash/crash-pzl-mielec-m28-skytruck-tanjungpinang-13-killed
"Nov 29, 2016",Piper PA-31-350 Navajo Chieftain,"El Sacrificio, Campeche",0,N633D,http://www.baaa-acro.com/crash/crash-piper-pa-31-350-navajo-chieftain-el-sacrificio
"Nov 28, 2016",Avro RJ85,"La Ceja, Antioquia",71,CP-2933,http://www.baaa-acro.com/crash/crash-avro-rj85-la-ceja-71-killed
"Nov 27, 2016",Casa 212 Aviocar,"Pitu (Morotai Island), North Maluku",0,U-623,http://www.baaa-acro.com/crash/crash-casa-nc-212-mp-aviocar-200-pitu
"Nov 24, 2016",Piper PA-31-310 Navajo,"Zielona Góra-Przylep, Lubusz Voivodeship (Lubuskie)",1,D-IFBU,http://www.baaa-acro.com/crash/crash-piper-pa-31-310-navajo-c-zielona-gora-1-killed
"Nov 23, 2016",Beechcraft 200 Super King Air,"Moorhead, Minnesota",0,N80RT,http://www.baaa-acro.com/crash/crash-beechcraft-200-super-king-air-moorhead
"Nov 18, 2016",Piper PA-31 Cheyenne,"Elko, Nevada",4,N779MF,http://www.baaa-acro.com/crash/crash-piper-pa-31t-cheyenne-elko-4-killed
"Oct 31, 2016",De Havilland DHC-4 Caribou,"Ilaga, Special Region of West Papua",4,PK-SWW,http://www.baaa-acro.com/crash/crash-de-havilland-dhc-4t-caribou-near-ilaga-4-killed
"Oct 28, 2016",Boeing 767-300,"Chicago-O'Hare, Illinois",0,N345AN,http://www.baaa-acro.com/crash/crash-boeing-767-323er-chicago
"Oct 28, 2016",Douglas DC-10,"Fort Lauderdale-Hollywood, Florida",0,N370FE,http://www.baaa-acro.com/crash/crash-douglas-dc-10-10-fort-lauderdale
"Oct 24, 2016",Swearingen SA227 Metro III,"Luqa, All Malta",5,N577MX,http://www.baaa-acro.com/crash/crash-swearingen-sa227at-expediter-luqa-5-killed
"Oct 15, 2016",Socata TBM-900,"Fairoaks, Surrey",0,M-VNTR,http://www.baaa-acro.com/crash/crash-socata-tbm-900-fairoaks
"Oct 13, 2016",Cessna 500 Citation,"Kelowna, British Columbia",4,C-GTNG,http://www.baaa-acro.com/crash/crash-cessna-500-citation-i-winfield-4-killed
"Oct 11, 2016",Antonov AN-26,"Belaya Gora, Republic of Yakutia (Sakha)",0,RA-26660,http://www.baaa-acro.com/crash/crash-antonov-26-100-belaya-gora
"Oct 10, 2016",De Havilland DHC-2 Beaver,"Laidman Lake, British Columbia",1,C-GEWG,http://www.baaa-acro.com/crash/crash-de-havilland-dhc-2-beaver-i-near-laidman-lake-1-killed
"Oct 9, 2016",Cessna 207 Skywagon/Stationair,"Uchuquinua, Cajamarca",3,OB-1936-P,http://www.baaa-acro.com/crash/crash-cessna-t207a-turbo-stationair-8-near-uchuquinua-3-killed
"Oct 2, 2016",Cessna 208B Grand Caravan,"Togiak, Alaska",3,N208SD,http://www.baaa-acro.com/crash/crash-cessna-208b-grand-caravan-near-togiak-3-killed
"Sep 30, 2016",Cessna 208B Grand Caravan,"San Antonio de Prado, Antioquia",4,HK-3804,http://www.baaa-acro.com/crash/crash-cessna-208b-grand-caravan-san-antonio-de-prado-4-killed
"Sep 30, 2016",De Havilland DHC-2 Beaver,"Lopez Island, Washington",0,N6781L,http://www.baaa-acro.com/crash/crash-de-havilland-dhc-2-beaver-i-lopez-island
"Sep 25, 2016",Learjet 31,"Jakarta-Perdanakusuma, City District of Jakarta",0,PK-JKI,http://www.baaa-acro.com/crash/crash-learjet-31a-jakarta
"Sep 24, 2016",Bae Jetstream 41,"Siddharthanagar, Lumbini",0,9N-AIB,http://www.baaa-acro.com/crash/crash-bae-jetstream-41-siddharthanagar
"Sep 13, 2016",Boeing 737-300,"Wamena, Special Region of Papua",0,PK-YSY,http://www.baaa-acro.com/crash/crash-boeing-737-347-wamena
"Sep 10, 2016",Beechcraft 200 Super King Air,"Orlando-Apopka, Florida",0,N369CD,http://www.baaa-acro.com/crash/crash-beechcraft-super-king-air-200-orlando
"Aug 31, 2016",Cessna 208B Grand Caravan,"Russian Mission, Alaska",3,N752RV,http://www.baaa-acro.com/crash/crash-cessna-208b-grand-caravan-russian-mission-3-killed
"Aug 16, 2016",Cessna 550 Citation II,"Charallave, Miranda",2,YV3051,http://www.baaa-acro.com/crash/crash-cessna-550-citation-ii-charallave-2-killed
"Aug 14, 2016",Piper PA-31-310 Navajo,"Tuscaloosa, Alabama",6,N447SA,http://www.baaa-acro.com/crash/crash-piper-pa-31-325-navajo-cr-tuscaloosa-6-killed
"Aug 5, 2016",Boeing 737-400,"Bergamo, Lombardy",0,HA-FAX,http://www.baaa-acro.com/crash/crash-boeing-737-476-bergamo
"Aug 3, 2016",Boeing 777-300,"Dubai, Dubai",0,A6-EMW,http://www.baaa-acro.com/crash/crash-boeing-777-31h-dubai
"Aug 2, 2016",Cessna 414 Chancellor,"Destin-Executive, Florida",1,N2735A,http://www.baaa-acro.com/crash/crash-cessna-414a-chancellor-destin-1-killed
"Aug 1, 2016",Piper PA-31-350 Navajo Chieftain,"Bangkok, Bangkok City District",1,HS-FGB,http://www.baaa-acro.com/crash/crash-piper-pa-31-350-navajo-chieftain-bangkok-1-killed
"Aug 1, 2016",Piper PA-31-350 Navajo Chieftain,"Canaima, Bolívar",2,YV607T,http://www.baaa-acro.com/crash/crash-piper-pa-31-350-navajo-chieftain-near-canaima-2-killed
"Jul 31, 2016",PZL-Mielec AN-2,"Krapivinsky, Kemerovo oblast",3,RA-54790,http://www.baaa-acro.com/crash/crash-pzl-mielec-2r-near-krapivinsky-3-killed
"Jul 31, 2016",Embraer EMB-820 Navajo,"Londrina, Paraná",8,PT-EFQ,http://www.baaa-acro.com/crash/crash-embraer-emb-820c-navajo-londrina-8-killed
"Jul 29, 2016",Piper PA-31 Cheyenne,"McKinleyville, California",4,N661TC,http://www.baaa-acro.com/crash/crash-piper-pa-31t-cheyenne-ii-near-mckinleyville-4-killed
"Jul 26, 2016",Embraer EMB-505 Phenom 300,"Houston-Sugar Land, Texas",0,N362FX,http://www.baaa-acro.com/crash/crash-embraer-emb-505-phenom-300-houston
"Jul 22, 2016",Antonov AN-32,"Bay of Bengal, All World",29,K2743,http://www.baaa-acro.com/crash/crash-antonov-32-bay-bengal-29-killed
"Jul 20, 2016",Cessna 208B Grand Caravan,"Jinshan, Shanghai",5,B-10FW,http://www.baaa-acro.com/crash/crash-cessna-208-grand-caravan-ex-jinshan-5-killed
"Jul 15, 2016",De Havilland DHC-2 Beaver,"Elwyn Creek, British Columbia",1,C-GWDW,http://www.baaa-acro.com/crash/crash-de-havilland-dhc-2-beaver-i-elwyn-creek-1-killed
"Jul 11, 2016",Lockheed C-130 Hercules,"Montijo AFB, Estremadura - Lisbon District",3,16804,http://www.baaa-acro.com/crash/crash-lockheed-c-130h-hercules-montijo-afb-3-killed
"Jul 1, 2016",Ilyushin II-76,"Uyan, Irkutsk oblast",10,RA-76840,http://www.baaa-acro.com/crash/crash-ilyushin-ii-76td-near-uyan-10-killed
"Jun 30, 2016",PZL-Mielec AN-2,"Novopokrovskoye, Saratov oblast",2,RA-33462,http://www.baaa-acro.com/crash/crash-pzl-mielec-2r-novopokrovskoye-2-killed
"Jun 26, 2016",PZL-Mielec AN-2,"Bereke, Almaty Province",1,UP-A0273,http://www.baaa-acro.com/crash/crash-pzl-mielec-2r-bereke-1-killed
"Jun 26, 2016",Canadair CL-215,"Dervenochoria, Central Greece / Στερεά Ελλάδα",0,1111,http://www.baaa-acro.com/crash/crash-canadair-cl-215-1a10-dervenochoria
"Jun 19, 2016",Pilatus PC-6 (Porter & Turbo Porter),"Ferreira do Alentejo, Baixo Alentejo",1,D-FSCB,http://www.baaa-acro.com/crash/crash-pilatus-pc-6b2-h4-turbo-porter-ferreira-do-alentejo-1-killed
"Jun 17, 2016",Cessna 207 Skywagon/Stationair,"Goodnews Bay, Alaska",0,N91170,http://www.baaa-acro.com/crash/crash-cessna-207-stationair-7-goodnews-bay
"Jun 16, 2016",Piper PA-31-310 Navajo,"State College, Pennsylvania",2,N3591P,http://www.baaa-acro.com/crash/crash-piper-pa-31-325-navajo-state-college-2-killed
"Jun 16, 2016",Casa 212 Aviocar,"Bạch Long Vĩ Island, Hải Phòng City District",9,8983,http://www.baaa-acro.com/crash/crash-casa-212-aviocar-400mpa-bach-long-vi-island-9-killed
"Jun 14, 2016",Cessna 208B Grand Caravan,"Lolat, Special Region of Papua",0,PK-RCK,http://www.baaa-acro.com/crash/crash-cessna-208b-grand-caravan-ex-lolat
"Jun 14, 2016",Antonov AN-32,"Bor, Jonglei (جونقلي)",0,EK-32120,http://www.baaa-acro.com/crash/crash-antonov-32a-bor
"Jun 11, 2016",Pilatus PC-6 (Porter & Turbo Porter),"Marina di Cecina, Tuscany",2,S5-CMB,http://www.baaa-acro.com/crash/crash-pilatus-pc-6b2-h4-turbo-porter-marina-di-cecina-2-killed
"May 31, 2016",Piaggio P.1HH HammerHead,"Trapani, Sicily",0,CPX621,http://www.baaa-acro.com/crash/crash-piaggio-p1hh-hammerhead-levanzo-island
"May 31, 2016",Rockwell Aero Commander 700,"Beaverdell, British Columbia",0,C-GBCM,http://www.baaa-acro.com/crash/crash-rockwell-aero-commander-700-beaverdell
"May 19, 2016",Airbus A320,"Mediterranean Sea, All World",66,SU-GCC,http://www.baaa-acro.com/crash/crash-airbus-a320-232-mediterranean-sea-66-killed
"May 18, 2016",Antonov AN-12,"Camp Dwyer AFB, Helmand",7,4K-AZ25,http://www.baaa-acro.com/crash/crash-antonov-12b-camp-dwyer-7-killed
"May 18, 2016",Boeing B-52 Stratofortress,"Andersen AFB, All Guam Island",0,60-0047,http://www.baaa-acro.com/crash/crash-boeing-b-52h-155-bw-stratofortress-andersen-afb
"May 12, 2016",Cessna 208B Grand Caravan,"Lodi, California",0,N1114A,http://www.baaa-acro.com/crash/crash-cessna-208b-grand-caravan-lodi
"May 10, 2016",De Havilland DHC-2 Beaver,"Lumby, British Columbia",0,C-FMPV,http://www.baaa-acro.com/crash/crash-de-havilland-dhc-2-beaver-i-lumby
"May 5, 2016",Convair CV-580,"Manning, Alberta",0,C-FEKF,http://www.baaa-acro.com/crash/crash-convair-cv-580-manning
"Apr 30, 2016",Antonov AN-26,"El Obeid, North Kurdufan (شمال كردفان)",5,-,http://www.baaa-acro.com/crash/crash-antonov-26-el-obeid-5-killed
"Apr 26, 2016",Cessna 421B Golden Eagle II,"Foley, Alabama",0,N3372Q,http://www.baaa-acro.com/crash/crash-cessna-421b-golden-eagle-ii-foley
"Apr 19, 2016",Beechcraft 90 King Air,"Slidell, Louisiana",2,N7MC,http://www.baaa-acro.com/crash/crash-beechcraft-king-air-a90-1-slidell-2-killed
"Apr 14, 2016",PZL-Mielec AN-2,"Maryevka, Samara oblast",1,-,http://www.baaa-acro.com/crash/crash-pzl-mielec-2-maryevka-1-killed
"Apr 13, 2016",Britten-Norman Islander,"Kiunga, Western (Fly)",12,P2-SBC,http://www.baaa-acro.com/crash/crash-britten-norman-bn-2t-islander-kiunga-12-killed
"Apr 9, 2016",Rockwell Grand Commander 690,"Hare, Texas",2,N690TH,http://www.baaa-acro.com/crash/crash-rockwell-grand-commander-690b-hare-2-killed
"Apr 6, 2016",BAe 125,"Kanoya AFB, Kyūshū",6,49-3043,http://www.baaa-acro.com/crash/crash-bae-u-125-kanoya-afb-6-killed
"Apr 6, 2016",Douglas DC-3,"Puerto Gaitán, Casanare",0,HK-2663,http://www.baaa-acro.com/crash/crash-douglas-dc-3-puerto-gaitan
"Apr 4, 2016",ATR42-600,"Jakarta-Perdanakusuma, City District of Jakarta",0,PK-TNJ,http://www.baaa-acro.com/crash/ground-collision-atr42-600-jakarta
"Apr 3, 2016",PZL-Mielec AN-2,"Aksarino, Republic of Tatarstan",0,RA-54828,http://www.baaa-acro.com/crash/crash-pzl-mielec-2r-aksarino
"Mar 29, 2016",Mitsubishi MU-2 Marquise,"Le Havre-aux-Maisons (Magdalen Islands), Quebec",7,N246W,http://www.baaa-acro.com/crash/crash-mitsubishi-mu-2b-60-marquise-le-havre-aux-maisons-7-killed
"Mar 29, 2016",Antonov AN-26,"Rostov-on-Don, Rostov oblast",0,09 blue,http://www.baaa-acro.com/crash/ground-fire-antonov-26rt-rostov-don
"Mar 19, 2016",Boeing 737-800,"Rostov-on-Don, Rostov oblast",62,A6-FDN,http://www.baaa-acro.com/crash/crash-boeing-737-8kn-rostov-don-62-killed
"Mar 19, 2016",Comp Air CA-9,"Campo de Marte AFB (São Paulo), São Paulo",7,PR-ZRA,http://www.baaa-acro.com/crash/crash-comp-air-ca-9-campo-de-marte-7-killed
"Mar 18, 2016",Beechcraft 90 King Air,"Oeiras, Piauí",0,PP-JBL,http://www.baaa-acro.com/crash/crash-beechcraft-king-air-c90-oeiras
"Mar 16, 2016",Cessna 208B Grand Caravan,"Hawijah, Kirkuk (كركوك)",3,YI-119,http://www.baaa-acro.com/crash/crash-cessna-ac-208b-combat-caravan-hawijah-3-killed
"Mar 15, 2016",IAI Arava 201,"Fátima, Pastaza",22,E-206,http://www.baaa-acro.com/crash/crash-iai-arava-201-fatima-22-killed
"Mar 9, 2016",Antonov AN-26,"Cox's Bazar, Chittagong",3,S2-AGZ,http://www.baaa-acro.com/crash/crash-antonov-26b-coxs-bazar-3-killed
"Mar 3, 2016",Cessna 208 Caravan,"Langebaanweg AFB, Western Cape",0,3004,http://www.baaa-acro.com/crash/crash-cessna-208-caravan-i-near-langebaanweg-afb
"Feb 26, 2016",PAC 750XL - Pacific Aerospace Corporation,"Chilkhaya, Karnali",2,9N-AJB,http://www.baaa-acro.com/crash/crash-pacific-aerospace-750xl-chilkhaya-2-killed
"Feb 26, 2016",Casa-Nurtanio CN235 (IPTN),"Kuala Selangor, Selangor",0,M44-07,http://www.baaa-acro.com/crash/crash-casa-cn235m-near-kuala-selangor
"Feb 24, 2016",De Havilland DHC-6 Twin Otter,"Dana, Dhawalagiri",23,9N-AHH,http://www.baaa-acro.com/crash/crash-de-havilland-dhc-6-twin-otter-400-near-dana-23-killed
"Feb 10, 2016",Beechcraft 1900D,"Naypyidaw, Mandalay Region",5,4601,http://www.baaa-acro.com/crash/crash-beechcraft-1900d-naypyidaw-5-killed
"Feb 6, 2016",PZL-Mielec AN-2,"Gai, Orenburg oblast",3,RA-40204,http://www.baaa-acro.com/crash/crash-pzl-mielec-2r-near-gai-3-killed
"Feb 1, 2016",Socata TBM-900,"Florianópolis, Santa Catarina",2,PP-LIG,http://www.baaa-acro.com/crash/crash-socata-tbm-900-campeche-island-2-killed
"Jan 30, 2016",Rockwell Sabreliner 75,"Santiago de Querétaro, Querétaro",0,N380CF,http://www.baaa-acro.com/crash/crash-rockwell-sabreliner-75a-santiago-de-queretaro
"Jan 29, 2016",Cessna 425 Conquest,"Windhoek-Hosea Kutako, Khomas Region",3,V5-MJW,http://www.baaa-acro.com/crash/crash-cessna-425-conquest-windhoek-3-killed
"Jan 28, 2016",McDonnell Douglas MD-83,"Mashhad, Razavi Khorasan",0,EP-ZAB,http://www.baaa-acro.com/crash/crash-mcdonnell-douglas-md-83-mashhad
"Jan 28, 2016",Cessna 208 Caravan,"Whitsunday Island, Queensland",0,VH-WTY,http://www.baaa-acro.com/crash/crash-cessna-208-caravan-i-whitsunday-island
"Jan 18, 2016",Cessna 525 CJ1,"Cedar Fort, Utah",2,N711BX,http://www.baaa-acro.com/crash/crash-cessna-525-citationjet-cj1-cedar-fort-2-killed
"Jan 8, 2016",Canadair RegionalJet CRJ-200,"Akkajaure Lake, Norrbotten",2,SE-DUX,http://www.baaa-acro.com/crash/crash-canadair-regional-jet-crj-200pf-near-akkajaure-lake-2-killed
"Jan 6, 2016",Pilatus PC-12,"Savannah, Georgia",0,N978AF,http://www.baaa-acro.com/crash/ground-accident-pilatus-pc-1247e-savannah
"Jan 3, 2016",Beechcraft 90 King Air,"Paraty, Rio de Janeiro",2,PP-LMM,http://www.baaa-acro.com/crash/crash-beechcraft-king-air-c90gti-paraty-2-killed
"Jan 2, 2016",Cessna 208B Grand Caravan,"Anaktuvuk Pass, Alaska",0,N540ME,http://www.baaa-acro.com/crash/crash-cessna-208b-grand-caravan-near-anaktuvuk-pass
"Dec 24, 2015",Piper PA-46 Malibu Meridian (Malibu Mirage),"Corinth-Roscoe Turner, Mississippi",0,N891CR,http://www.baaa-acro.com/crash/crash-piper-pa-46-500tp-meridian-corinth
"Dec 23, 2015",Hawker 400,"Telluride, Colorado",0,XA-MEX,http://www.baaa-acro.com/crash/crash-hawker-400a-telluride
"Dec 22, 2015",Beechcraft 200 Super King Air,"New Delhi, National Capital Territory of Delhi",10,VT-BSA,http://www.baaa-acro.com/crash/crash-beechcraft-super-king-air-200-new-delhi-10-killed
"Dec 11, 2015",Cessna 208B Grand Caravan,"Pickle Lake, Ontario",1,C-FKDL,http://www.baaa-acro.com/crash/crash-cessna-208b-grand-caravan-near-pickle-lake-1-killed
"Dec 10, 2015",Piper PA-46 Malibu Meridian (Malibu Mirage),"Omaha, Nebraska",1,N145JR,http://www.baaa-acro.com/crash/crash-piper-pa-46-500tp-meridian-omaha-1-killed
"Dec 7, 2015",Eclipse EA500,"Swellendam, Western Cape",1,ZS-DKS,http://www.baaa-acro.com/crash/crash-eclipse-ea500-near-swellendam-1-killed
"Nov 26, 2015",Boeing 737-300,"Mexico City, Federal District of Mexico City",0,XA-UNM,http://www.baaa-acro.com/crash/crash-boeing-737-322-mexico-city
"Nov 22, 2015",Boeing 737-300,"Osh, Osh City",0,EX-37005,http://www.baaa-acro.com/crash/crash-boeing-737-3y0-osh
"Nov 17, 2015",Cessna 402,"Acandí, Chocó",2,HK-4981-G,http://www.baaa-acro.com/crash/crash-cessna-402b-acandi-2-killed
"Nov 10, 2015",Hawker Siddeley HS.780 Andover C.1,"Malakal, Upper Nile (أعالي النيل)",0,TL-AEW,http://www.baaa-acro.com/crash/crash-hawker-siddeley-hs780-andover-c1-malakal
"Nov 10, 2015",Cessna 650 Citation VII,"Guarda-Mor, Minas Gerais",4,PT-WQH,http://www.baaa-acro.com/crash/crash-cessna-650-citation-vii-guarda-mor-4-killed
"Nov 10, 2015",BAe 125,"Akron, Ohio",9,N237WR,http://www.baaa-acro.com/crash/crash-bae-125-700a-akron-9-killed
"Nov 9, 2015",Cessna 441 Conquest,"Climax, Georgia",2,N164GP,http://www.baaa-acro.com/crash/crash-cessna-441-conquest-ii-climax-2-killed
"Nov 4, 2015",Antonov AN-12,"Juba, Central Equatoria (الاستوائية الوسطى)",41,EY-406,http://www.baaa-acro.com/crash/crash-antonov-12bk-juba-41-killed
"Nov 3, 2015",Boeing 737-400,"Lahore, Punjab (پنجاب)",0,AP-BJO,http://www.baaa-acro.com/crash/crash-boeing-737-4h6-lahore
"Nov 2, 2015",Fokker F27 Friendship,"Koussané, Kayes",0,6W-STF,http://www.baaa-acro.com/crash/crash-fokker-f27-friendship-400m-near-koussane
"Nov 2, 2015",Grumman G-159 Gulfstream I,"Kinshasa-N'Djili, Kinshasa City Province",0,9Q-CNP,http://www.baaa-acro.com/crash/crash-grumman-g-159-gulfstream-i-kinshasa
"Oct 31, 2015",Airbus A321,"Hasna, North Sinai",224,EI-ETJ,http://www.baaa-acro.com/crash/crash-airbus-a321-231-near-hasna-224-killed
"Oct 29, 2015",Boeing 767-200,"Fort Lauderdale-Hollywood, Florida",0,N251MY,http://www.baaa-acro.com/crash/fire-boeing-767-269er-fort-lauderdale
"Oct 28, 2015",Pilatus PC-6 (Porter & Turbo Porter),"Buenos Aires, Buenos Aires City",2,GN-804,http://www.baaa-acro.com/crash/crash-pilatus-pc-6b2-h2-turbo-porter-buenos-aires-2-killed
"Oct 26, 2015",Piper PA-31-350 Navajo Chieftain,"Weston, Florida",0,N55GK,http://www.baaa-acro.com/crash/crash-piper-pa-31-350-navajo-chieftain-weston
"Oct 22, 2015",Learjet 31,"La Tinaja, Guanajuato",4,XB-GYB,http://www.baaa-acro.com/crash/crash-learjet-31a-la-tinaja-4-killed
"Oct 19, 2015",Learjet 35,"San Fernando de Apure, Buenos Aires province",0,LV-ZSZ,http://www.baaa-acro.com/crash/crash-learjet-35a-san-fernando
"Oct 16, 2015",Cessna 207 Skywagon/Stationair,"Taylor, British Columbia",2,C-GNVZ,http://www.baaa-acro.com/crash/crash-cessna-207-skywagon-taylor-2-killed
"Oct 15, 2015",Comp Air CA-8,"Ray, Michigan",0,N224MS,http://www.baaa-acro.com/crash/crash-comp-air-ca-8-ray
"Oct 14, 2015",Cessna 208B Grand Caravan,"Yumbillo, Valle del Cauca",3,PR-MIC,http://www.baaa-acro.com/crash/crash-cessna-208b-grand-caravan-yumbillo-3-killed
"Oct 14, 2015",Cessna 421B Golden Eagle II,"Hammond-Northshore, Louisiana",2,N33FA,http://www.baaa-acro.com/crash/crash-cessna-421b-golden-eagle-ii-hammond-2-killed
"Oct 12, 2015",Airbus A300,"Afgooye, Shabeellaha Hoose (شبيلي السفلى)",0,SU-BMZ,http://www.baaa-acro.com/crash/crash-airbus-a300b4-203f-afgooye
"Oct 12, 2015",Cessna 208B Grand Caravan,"Bamyan, Bamyan",2,YA22382,http://www.baaa-acro.com/crash/crash-cessna-208b-grand-caravan-near-bamyan-2-killed
"Oct 6, 2015",BAe 146,"Tamale, Northern",0,9G-SBB,http://www.baaa-acro.com/crash/crash-bae-146-300-tamale
"Oct 3, 2015",Beechcraft 200 Super King Air,"Stapleford, Essex",2,G-BYCP,http://www.baaa-acro.com/crash/crash-beechcraft-super-king-air-200-chigwell-2-killed
"Oct 3, 2015",Piper PA-31-310 Navajo,"Bogotá-Guaymaral, Bogotá Capital District",2,HK-3909G,http://www.baaa-acro.com/crash/crash-piper-pa-31-325-navajo-cr-bogota-2-killed
"Oct 2, 2015",Lockheed C-130 Hercules,"Jalalabad, Nangarhar",13,08-3174,http://www.baaa-acro.com/crash/crash-lockheed-c-130j-30-jalalabad-13-killed
"Oct 2, 2015",De Havilland DHC-6 Twin Otter,"Dubai-Palm Jumeirah, Dubai",0,DU-SD4,http://www.baaa-acro.com/crash/crash-de-havilland-dhc-6-twin-otter-200-dubai
"Oct 2, 2015",Piper PA-31-310 Navajo,"Veracruz, Rivas",1,C-GCMD,http://www.baaa-acro.com/crash/crash-piper-pa-31-310-navajo-los-camastros-1-killed
"Oct 2, 2015",De Havilland DHC-6 Twin Otter,"Mt Latimojong, South Sulawesi",10,PK-BRM,http://www.baaa-acro.com/crash/crash-de-havilland-dhc-6-twin-otter-300-mt-latimojong-10-killed
"Sep 30, 2015",De Havilland Dash-8-400,"Saarbrücken, Saarland",0,LX-LGH,http://www.baaa-acro.com/crash/crash-de-havilland-dash-8-q402-saarbrucken
"Sep 25, 2015",Curtiss C-46 Commando,"Déline, Northwest Territories",0,C-GTXW,http://www.baaa-acro.com/crash/crash-curtiss-c-46a-45-cu-commando-deline
"Sep 24, 2015",Cessna 421B Golden Eagle II,"Ozren, Republika Srpska",1,YU-BSW,http://www.baaa-acro.com/crash/crash-cessna-421b-golden-eagle-ii-ozren-1-killed
"Sep 21, 2015",Rockwell Aero Commander 680,"Boise, Idaho",0,N222JS,http://www.baaa-acro.com/crash/crash-rockwell-aero-commander-680e-boise
"Sep 16, 2015",PZL-Mielec AN-2,"Bratsk, Irkutsk oblast",0,RA-35141,http://www.baaa-acro.com/crash/crash-pzl-mielec-2r-near-bratsk
"Sep 15, 2015",Piper PA-31-350 Navajo Chieftain,"Thompson, Manitoba",0,C-FXLO,http://www.baaa-acro.com/crash/crash-piper-pa-31-350-navajo-chieftain-thompson
"Sep 15, 2015",De Havilland DHC-3 Otter,"Iliamna, Alaska",3,N928RK,http://www.baaa-acro.com/crash/crash-de-havilland-dhc-3t-turbo-otter-iliamna-3-killed
"Sep 11, 2015",Piper PA-60 Aerostar (Ted Smith 600),"San Pedro de los Milagros, Antioquia",2,N164HH,http://www.baaa-acro.com/crash/crash-piper-pa-60-aerostar-san-pedro-de-los-milagros-2-killed
"Sep 8, 2015",Boeing 777-200,"Las Vegas, Nevada",0,G-VIIO,http://www.baaa-acro.com/crash/fire-boeing-777-236er-las-vegas
"Sep 6, 2015",De Havilland DHC-6 Twin Otter,"Franklin, North Carolina",0,N181CS,http://www.baaa-acro.com/crash/crash-de-havilland-dhc-6-twin-otter-200-franklin
"Sep 5, 2015",BAe 125,"Atlantic Ocean, All World",7,6V-AIM,http://www.baaa-acro.com/crash/crash-bae-125-700b-dakar-7-killed
"Aug 29, 2015",Dornier DO228,"Kaduna, Kaduna",7,NAF030,http://www.baaa-acro.com/crash/crash-dornier-do228-212-kaduna-7-killed
"Aug 29, 2015",Technoavia SM-92 Turbo Finist,"Casale Monferrato, Piedmont",0,HA-YDJ,http://www.baaa-acro.com/crash/crash-technoavia-smg-92-turbo-finist-casale-monferrato
"Aug 26, 2015",Cessna 550 Citation II,"Charallave, Miranda",0,YV3125,http://www.baaa-acro.com/crash/crash-cessna-s550-citation-ii-charallave
"Aug 23, 2015",De Havilland DHC-2 Beaver,"Les Bergeronnes, Quebec",6,C-FKRJ,http://www.baaa-acro.com/crash/crash-de-havilland-dhc-2-beaver-near-les-bergeronnes-6-killed
"Aug 20, 2015",Let 410UVP,"Vršatec, Trenčín Region",3,OM-SAB,http://www.baaa-acro.com/crash/crash-let-410ma-vrsatec-3-killed
"Aug 20, 2015",Let 410UVP,"Vršatec, Trenčín Region",4,OM-ODQ,http://www.baaa-acro.com/crash/crash-let-410uvp-vrsatec-4-killed
"Aug 16, 2015",ATR42-300,"Oksibil, Special Region of Papua",54,PK-YRN,http://www.baaa-acro.com/crash/crash-atr42-300-near-oksibil-54-killed
"Aug 16, 2015",Cessna 441 Conquest,"Cape Town, Western Cape",5,V5-NRS,http://www.baaa-acro.com/crash/crash-cessna-441-conquest-ii-cape-town-5-killed
"Aug 16, 2015",Rockwell Sabreliner 60,"San Diego, California",4,N442RM,http://www.baaa-acro.com/crash/crash-rockwell-sabreliner-60sc-san-diego-4-killed
"Aug 12, 2015",PAC 750XL - Pacific Aerospace Corporation,"Ninia, Special Region of Papua",1,PK-KIG,http://www.baaa-acro.com/crash/crash-pacific-aerospace-pac750xl-ninia-1-killed
"Aug 12, 2015",Cessna 208B Grand Caravan,"Juancho E. Yrausquin (Saba Island), Dutch Antilles",0,N924FE,http://www.baaa-acro.com/crash/crash-cessna-208b-super-cargomaster-saba-island
"Aug 9, 2015",Cessna 421B Golden Eagle II,"Clovis, New Mexico",0,N726JB,http://www.baaa-acro.com/crash/crash-cessna-421b-golden-eagle-ii-clovis
"Aug 9, 2015",De Havilland DHC-2 Beaver,"Barkárdal, Northeastern Region (Norðurland eystra)",1,N610LC,http://www.baaa-acro.com/crash/crash-de-havilland-dhc-2-beaver-near-barkardal-1-killed
"Aug 8, 2015",Cessna 402,"Cajicá, Cundinamarca",3,HK-4990,http://www.baaa-acro.com/crash/crash-cessna-402b-cajica-3-killed
"Aug 1, 2015",PZL-Mielec AN-2,"Stăncuța, Brăila",1,YR-PEG,http://www.baaa-acro.com/crash/crash-pzl-mielec-2r-stancuta-1-killed
"Aug 1, 2015",Beechcraft 90 King Air,"Georgetown, Kentucky",0,N257CQ,http://www.baaa-acro.com/crash/crash-beechcraft-king-air-c90b-georgetown
"Jul 31, 2015",Embraer EMB-505 Phenom 300,"Blackbushe, Hampshire",4,HZ-IBN,http://www.baaa-acro.com/crash/crash-embraer-emb-505-phenom-300-blackbushe-4-killed
"Jul 31, 2015",Casa-Nurtanio CN235 (IPTN),"Agustín Codazzi, Cesar",11,FAC1261,http://www.baaa-acro.com/crash/crash-casa-cn-235m-100-agustin-codazzi-11-killed
"Jul 29, 2015",Socata TBM-700,"Milwaukee-Lawrence J. Timmerman, Wisconsin",2,N425KJ,http://www.baaa-acro.com/crash/crash-socata-tbm-700-milwaukee-2-killed
"Jul 27, 2015",Embraer EMB-110 Bandeirante,"Lagoa Santa (Belo Horizonte), Minas Gerais",0,2326,http://www.baaa-acro.com/crash/crash-embraer-c-95bm-bandeirante-lagoa-santa
"Jul 24, 2015",ATR72-200,"Yangon, Yangon Region",0,XY-AIH,http://www.baaa-acro.com/crash/crash-atr72-212-yangon
"Jul 17, 2015",Cessna 207 Skywagon/Stationair,"Point Howard, Alaska",1,N62AK,http://www.baaa-acro.com/crash/crash-cessna-207a-skywagon-near-point-howard-1-killed
"Jul 14, 2015",Tupolev TU-95,"Litovko, Khabarovsk Krai",2,RF-94204,http://www.baaa-acro.com/crash/crash-tupolev-tu-95ms-near-litovko-2-killed
"Jul 7, 2015",Cessna 208B Grand Caravan,"Dubai-Skydive Campus, Dubai",0,DU-SD1,http://www.baaa-acro.com/crash/crash-cessna-208b-grand-caravan-dubai
"Jul 6, 2015",Quest Kodiak 100,"Pskov AFB, Pskov oblast",0,N642RM,http://www.baaa-acro.com/crash/crash-quest-kodiak-100-pskov
"Jul 2, 2015",De Havilland DHC-6 Twin Otter,"Kuredu Island, North Central Province",0,8Q-MAN,http://www.baaa-acro.com/crash/crash-de-havilland-dhc-6-twin-otter-300-kuredu-island
"Jun 30, 2015",Lockheed C-130 Hercules,"Medan-Soewondo AFB, North Sumatra",142,A-1310,http://www.baaa-acro.com/crash/crash-lockheed-kc-130b-hercules-medan-142-killed
"Jun 25, 2015",De Havilland DHC-3 Otter,"Ella Lake, Alaska",9,N270PA,http://www.baaa-acro.com/crash/crash-de-havilland-dhc-3t-turbo-otter-near-ella-lake-9-killed
"Jun 25, 2015",Antonov AN-2,"Okcheon, North Chungcheong (충청북도)",0,HL1090,http://www.baaa-acro.com/crash/crash-antonov-2-okcheon
"Jun 20, 2015",Cessna 303 Crusader,"Nuquí, Chocó",1,HK-4677-G,http://www.baaa-acro.com/crash/crash-cessna-t303-crusader-near-nuqui-1-killed
"Jun 16, 2015",Boeing 737-300,"Aktau, Mangystau",0,LY-FLB,http://www.baaa-acro.com/crash/ground-fire-boeing-737-322-aktau
"Jun 15, 2015",PZL-Mielec AN-2,"Rostov-on-Don, Rostov oblast",0,RA-84553,http://www.baaa-acro.com/crash/crash-pzl-mielec-2-near-rostov
"Jun 8, 2015",Dornier DO228,"Karaikal, Tamil Nadu",3,CG761,http://www.baaa-acro.com/crash/crash-dornier-do228-101-karaikal-3-killed
"Jun 8, 2015",Tupolev TU-95,"Ukrainka AFB, Amur oblast",1,RF-94181,http://www.baaa-acro.com/crash/crash-tupolev-tu-95-ukrainka-afb-1-killed
"Jun 7, 2015",Beechcraft 90 King Air,"Belo Horizonte, Minas Gerais",3,PR-AVG,http://www.baaa-acro.com/crash/crash-beechcraft-king-air-c90gti-belo-horizonte-3-killed
"Jun 2, 2015",Swearingen SA226 Metro II,"Santiago de Querétaro, Querétaro",5,XA-UKP,http://www.baaa-acro.com/crash/crash-swearingen-sa226tc-metro-ii-queretaro-5-killed
"May 30, 2015",Cessna 207 Skywagon/Stationair,"Bethel, Alaska",1,N1653U,http://www.baaa-acro.com/crash/crash-cessna-207-skywagon-near-bethel-1-killed
"May 24, 2015",Embraer EMB-820 Navajo,"Ricaurte, Cojedes",2,PT-RCN,http://www.baaa-acro.com/crash/crash-embraer-emb-820c-navajo-ricaurte-2-killed
"May 21, 2015",Cessna 421 Golden Eagle,"Monterrey-Del Norte, Nuevo León",0,XB-MTC,http://www.baaa-acro.com/crash/crash-cessna-421-monterrey
"May 20, 2015",Hawker 800XP,"Puerto Colombia, Atlántico",4,-,http://www.baaa-acro.com/crash/crash-hawker-800xp-puerto-colombia-4-killed
"May 19, 2015",Cessna 208 Caravan,"Mandeng, Upper Nile (أعالي النيل)",0,5Y-NKV,http://www.baaa-acro.com/crash/crash-cessna-208b-caravan-i-mandeng
"May 18, 2015",PZL-Mielec AN-2,"Sanamer, Stavropol Krai",0,RA-56528,http://www.baaa-acro.com/crash/crash-pzl-mielec-2r-sanamer
"May 16, 2015",PZL-Mielec AN-2,"Baltic Sea, All World",2,LY-AET,http://www.baaa-acro.com/crash/crash-pzl-mielec-2r-baltic-sea-2-killed
"May 10, 2015",Xian MA60,"Fuzhou, Fujian",0,B-3476,http://www.baaa-acro.com/crash/crash-xian-ma60-fuzhou
"May 10, 2015",PZL-Mielec AN-2,"Azov, Rostov oblast",0,RF-01159,http://www.baaa-acro.com/crash/crash-pzl-mielec-2-azov
"May 9, 2015",Airbus A400M,"Seville, Andalusia",4,EC-403,http://www.baaa-acro.com/crash/crash-airbus-a400m-seville-4-killed
"May 7, 2015",Piper PA-46 Malibu Meridian (Malibu Mirage),"Spokane-Felts Field, Washington",2,N962DA,http://www.baaa-acro.com/crash/crash-piper-pa-46-350p-malibu-mirage-spokane-2-killed
"Apr 28, 2015",Shin Meiwa US-2,"Inarizaki, Shikoku",0,9905,http://www.baaa-acro.com/crash/crash-shin-meiwa-us-2-inarizaki
"Apr 25, 2015",Beechcraft 200 Super King Air,"Maracaibo, Zulia",0,YV2803,http://www.baaa-acro.com/crash/crash-beechcraft-super-king-air-200-maracaibo
"Apr 25, 2015",Airbus A320,"Istanbul-Atatürk, Marmara Region (Marmara Bölgesi)",0,TC-JPE,http://www.baaa-acro.com/crash/crash-airbus-a320-232-istanbul
"Apr 14, 2015",Airbus A320,"Hiroshima, Chūgoku",0,HL7762,http://www.baaa-acro.com/crash/crash-airbus-a320-232-hiroshima
"Apr 13, 2015",Swearingen SA226 Metro II,"Mount Seymour, British Columbia",2,C-GSKC,http://www.baaa-acro.com/crash/crash-swearingen-sa226tc-metro-ii-near-mount-seymour-2-killed
"Apr 12, 2015",Piper PA-31 Cheyenne,"Fort Lauderdale-Hollywood, Florida",4,N119RL,http://www.baaa-acro.com/crash/crash-piper-pa-31t1-cheyenne-i-fort-lauderdale-4-killed
"Apr 7, 2015",Cessna 414 Chancellor,"Bloomington, Illinois",7,N789UP,http://www.baaa-acro.com/crash/crash-cessna-414a-chancellor-bloomington-7-killed
"Apr 3, 2015",Antonov AN-74,"Barneo, All Russia",0,RA-74056,http://www.baaa-acro.com/crash/crash-antonov-74-200-barneo
"Mar 29, 2015",Airbus A320,"Halifax-Stanfield, Nova Scotia",0,C-FTJP,http://www.baaa-acro.com/crash/crash-airbus-a320-211-halifax
"Mar 25, 2015",PZL-Mielec AN-2,"Promin, Volyn Oblast",2,UR-62681,http://www.baaa-acro.com/crash/crash-pzl-mielec-2r-promin-2-killed
"Mar 24, 2015",Airbus A320,"Prads-Haute-Bléone, Alpes-de-Haute-Provence",150,D-AIPX,http://www.baaa-acro.com/crash/crash-airbus-a320-211-near-prads-haute-bleone-150-killed
"Mar 24, 2015",Dornier DO228,"Dabolim, Goa",2,IN-240,http://www.baaa-acro.com/crash/crash-dornier-do228-201-dabolim-2-killed
"Mar 24, 2015",Cessna 208B Grand Caravan,"Verdigris, Oklahoma",0,N106BZ,http://www.baaa-acro.com/crash/crash-cessna-208b-grand-caravan-verdigris
"Mar 19, 2015",Beechcraft 90 King Air,"Punta del Este, Maldonado",10,LV-CEO,http://www.baaa-acro.com/crash/crash-beechcraft-b90-king-air-punta-del-este-10-killed
"Mar 5, 2015",Let 410UVP,"Ancona, Marche",0,E7-WDT,http://www.baaa-acro.com/crash/crash-let-410uvp-e20-ancona
"Mar 5, 2015",McDonnell Douglas MD-88,"New York-LaGuardia, New York",0,N909DL,http://www.baaa-acro.com/crash/crash-mcdonnell-douglas-md-88-la-guardia
"Mar 4, 2015",BAe ATP,"Wamena, Special Region of Papua",0,PK-DGB,http://www.baaa-acro.com/crash/crash-bae-atp-f-wamena
"Mar 4, 2015",Airbus A330,"Kathmandu, Bagmati",0,TC-JOC,http://www.baaa-acro.com/crash/crash-airbus-a330-303-kathmandu
"Mar 1, 2015",Canadair CL-601 Challenger,"Marco Island, Florida",0,N600NP,http://www.baaa-acro.com/crash/crash-canadair-cl-601-3a-challenger-marco-island
"Feb 22, 2015",Piper PA-46 Malibu Meridian (Malibu Mirage),"Spokane-Felts Field, Washington",1,C-GVZW,http://www.baaa-acro.com/crash/crash-piper-pa-46-350p-malibu-mirage-spokane-1-killed
"Feb 14, 2015",Antonov AN-32,"Malanje, Malanje",0,T-256,http://www.baaa-acro.com/crash/crash-antonov-32-malanje
"Feb 11, 2015",Beechcraft 1900C,"Miami-Executive (Kendall-Tamiami), Florida",4,YV1674,http://www.baaa-acro.com/crash/crash-beechcraft-1900c-kendall-4-killed
"Feb 4, 2015",ATR72-600,"Taipei-Songshan, Taipei City (臺北市)",43,B-22816,http://www.baaa-acro.com/crash/crash-atr72-600-taipei-43-killed
"Feb 4, 2015",Cessna 441 Conquest,"Denton, Texas",1,N441TG,http://www.baaa-acro.com/crash/crash-cessna-441-conquest-ii-denton-1-killed
"Jan 29, 2015",Canadair CL-601 Challenger,"Oranjestad, Dutch Antilles",3,N214FW,http://www.baaa-acro.com/crash/crash-canadair-cl-601-challenger-aruba-3-killed
"Jan 20, 2015",PZL-Mielec AN-2,"Shatyrkul, Jambyl",6,UP-A0314,http://www.baaa-acro.com/crash/crash-pzl-mielec-2-near-shatyrkul-6-killed
"Jan 18, 2015",Antonov AN-26,"Abu Adh Dhuhur, Idlib Governorate (مُحافظة ادلب‎)",30,YK-AND,http://www.baaa-acro.com/crash/crash-antonov-26-abu-adh-dhuhur-30-killed
"Jan 17, 2015",Canadair Global Express,"Tacloban, Leyte",0,RP-C9363,http://www.baaa-acro.com/crash/crash-canadair-bd-700-1a11-global-5000-tacloban
"Jan 16, 2015",Britten-Norman Islander,"Los Roques, Los Roques Federal Dependencies",0,YV2238,http://www.baaa-acro.com/crash/crash-britten-norman-bn-2a-8-islander-los-roques
"Jan 10, 2015",Boeing 737-400,"Accra, Greater Accra",0,ET-AQV,http://www.baaa-acro.com/crash/crash-boeing-737-43qsf-accra
"Jan 7, 2015",PAC 750XL - Pacific Aerospace Corporation,"Taupo, Waikato Regional Council",0,ZK-SDT,http://www.baaa-acro.com/crash/crash-pacific-aerospace-pac-750xl-taupo-lake
"Jan 3, 2015",Antonov AN-26,"Magadan, Magadan oblast",0,RA-26082,http://www.baaa-acro.com/crash/crash-antonov-26b-magadan
"Jan 2, 2015",Saab 340,"Stornoway, Hebrides Islands",0,G-LGNL,http://www.baaa-acro.com/crash/crash-saab-340b-stornoway
"Dec 30, 2014",Cessna 404 Titan,"Denver-Centennial, Colorado",1,N404MG,http://www.baaa-acro.com/crash/crash-cessna-404-titan-ii-denver-1-killed
"Dec 28, 2014",Airbus A320,"Java Sea, All Indonesia",162,PK-AXC,http://www.baaa-acro.com/crash/crash-airbus-a320-216-java-sea-162-killed
"Dec 28, 2014",Antonov AN-26,"Uvira, Sud-Kivu",6,4L-AFS,http://www.baaa-acro.com/crash/crash-antonov-26-near-uvira-6-killed
"Dec 28, 2014",Britten-Norman Islander,"Mahdia, Potaro-Siparuni",2,8R-GHE,http://www.baaa-acro.com/crash/crash-britten-norman-bn-2a-6-islander-near-mahdia-2
"Dec 24, 2014",Cessna 207 Skywagon/Stationair,"Piedecuesta, Santander",7,HK-4892,http://www.baaa-acro.com/crash/crash-cessna-t207a-turbo-stationair-8-piedecuesta-7-killed
"Dec 23, 2014",Partenavia P.68,"La Bonanza, Miranda",1,YV1706,http://www.baaa-acro.com/crash/crash-partenavia-p68c-tc-la-bonanza-1-killed
"Dec 19, 2014",Learjet 25,"Champotón, Campeche",2,N265TW,http://www.baaa-acro.com/crash/crash-learjet-25d-champoton-2-killed
"Dec 12, 2014",Antonov AN-32,"Hokandara, Western Province (மேல் மாகாணம்)",5,SCM-864,http://www.baaa-acro.com/crash/crash-antonov-32b-hokandara-5-killed
"Dec 12, 2014",Antonov AN-26,"Obo, Haut-Mbomou",0,UP-AN608,http://www.baaa-acro.com/crash/crash-antonov-26b-obo
"Dec 8, 2014",Embraer EMB-500 Phenom 100,"Gaithersburg, Maryland",6,N100EQ,http://www.baaa-acro.com/crash/crash-embraer-emb-500-phenom-100-gaithersburg-6-killed
"Dec 3, 2014",Piper PA-31-350 Navajo Chieftain,"Mariquita, Tolima",10,HK-4464,http://www.baaa-acro.com/crash/crash-piper-pa-31-350-navajo-chieftain-mariquita-10-killed
"Dec 2, 2014",Piper PA-31-350 Navajo Chieftain,"Nassau, New Providence",1,C6-REV,http://www.baaa-acro.com/crash/crash-piper-pa-31-350-navajo-chieftain-clifton-pier-1-killed
"Nov 27, 2014",Lockheed C-130 Hercules,"Teniente Rodolfo Marsh (King George Island), All Antarctica",0,2470,http://www.baaa-acro.com/crash/crash-lockheed-c-130m-hercules-teniente-marsh
"Nov 23, 2014",Rockwell Aero Commander 500,"McDade, Texas",1,N14AV,http://www.baaa-acro.com/crash/crash-rockwell-aero-commander-500a-mcdade-1-killed
"Nov 21, 2014",Embraer EMB-500 Phenom 100,"Houston-Sugar Land, Texas",0,N584JS,http://www.baaa-acro.com/crash/crash-embraer-emb-500-phenom-100-houston
"Nov 20, 2014",Cessna 207 Skywagon/Stationair,"Lima, Lima",3,PNP-248,http://www.baaa-acro.com/crash/crash-cessna-207-stationair-near-la-molina-3-killed
"Nov 20, 2014",Cessna 208B Grand Caravan,"Great Slave Lake, Northwest Territories",0,C-FKAY,http://www.baaa-acro.com/crash/crash-cessna-208b-grand-caravan-great-slave-lake
"Nov 18, 2014",Rockwell Aero Commander 500,"Chicago-Midway, Illinois",1,N30MB,http://www.baaa-acro.com/crash/crash-rockwell-aero-commander-500b-chicago-1-killed
"Nov 17, 2014",Cessna 401,"Fulton, Missouri",0,N401ME,http://www.baaa-acro.com/crash/crash-cessna-401a-fulton
"Nov 14, 2014",Fletcher FU-24,"Ohai, Southland Regional Council",0,ZK-EMN,http://www.baaa-acro.com/crash/crash-pac-fletcher-fu-24-954-mount-linton
"Nov 14, 2014",Avro 748,"Panyagor, Jonglei (جونقلي)",2,5Y-BVQ,http://www.baaa-acro.com/crash/crash-avro-748-399-2b-panyagor-2-killed
"Nov 14, 2014",Piper PA-31-350 Navajo Chieftain,"Hidalgo, Tamaulipas",6,XB-ZAX,http://www.baaa-acro.com/crash/crash-piper-pa-31-425p-navajo-hidalgo-6-killed
"Nov 9, 2014",Learjet 35,"Freeport, West Grand Bahama",9,N17UF,http://www.baaa-acro.com/crash/crash-learjet-35a-freeport-9-killed
"Oct 30, 2014",Beechcraft 200 Super King Air,"Wichita, Kansas",4,N52SZ,http://www.baaa-acro.com/crash/crash-beechcraft-super-king-air-b200-wichita-4-killed
"Oct 29, 2014",Short 360,"Sint Maarten, Dutch Antilles",2,N380MQ,http://www.baaa-acro.com/crash/crash-short-360-100-saint-martin-2-killed
"Oct 25, 2014",Let 410UVP,"Shabunda, Sud-Kivu",0,9Q-COT,http://www.baaa-acro.com/crash/crash-let-410uvp-shabunda
"Oct 20, 2014",Dassault Falcon 50,"Moscow-Vnukovo, Moscow oblast",4,F-GLSA,http://www.baaa-acro.com/crash/crash-dassault-falcon-50ex-moscow-vnukovo-4-killed
"Oct 12, 2014",Rockwell Grand Commander 690,"Zahedan, Sistan and Baluchestan",7,1405,http://www.baaa-acro.com/crash/crash-rockwell-grand-commander-690-zahedan-7-killed
"Oct 12, 2014",BAe Jetstream 31,"Punta Cana, La Altagracia",0,HI816,http://www.baaa-acro.com/crash/crash-bae-jetstream-31-punta-cana
"Oct 10, 2014",Rockwell Gulfstream 690C Jetprop 840,"Los Roques, Los Roques Federal Dependencies",0,YV1315,http://www.baaa-acro.com/crash/crash-rockwell-690c-jetprop-840-los-roques
"Sep 21, 2014",Lockheed C-130 Hercules,"Kawm Ushim, Faiyum",6,-,http://www.baaa-acro.com/crash/crash-lockheed-c-130h-hercules-kawm-ushim-afb-6-killed
"Sep 20, 2014",De Havilland DHC-6 Twin Otter,"Port Moresby, National Capital District",4,P2-KSF,http://www.baaa-acro.com/crash/crash-de-havilland-dhc-6-twin-otter-300-mount-lawes-4-killed
"Sep 20, 2014",Antonov AN-32,"Chandigarh, Chandigarh",0,K2757,http://www.baaa-acro.com/crash/crash-antonov-32-chandigarh
"Sep 14, 2014",Beechcraft 300 Super King Air,"Buenos Aires, Buenos Aires City",2,LV-WLT,http://www.baaa-acro.com/crash/crash-beechcraft-super-king-air-300lw-nordelta-2-killed
"Sep 6, 2014",Fokker 50,"Mogadishu, Banaadir (بنادر‎)",0,5Y-BYE,http://www.baaa-acro.com/crash/crash-fokker-50-mogadishu
"Sep 6, 2014",Piper PA-31-350 Navajo Chieftain,"Araracuara, Caquetá",10,HK-4755,http://www.baaa-acro.com/crash/crash-piper-pa-31-350-navajo-chieftain-araracuara-10-killed
"Sep 5, 2014",Socata TBM-900,"Port Antonio, Portland",2,N900KN,http://www.baaa-acro.com/crash/crash-socata-tbm-900-port-antonio-2-killed
"Aug 31, 2014",Fokker F27 Friendship,"Kogatende, Mara Region",3,5Y-SXP,http://www.baaa-acro.com/crash/crash-fokker-f27-friendship-500-near-kogatende-3-killed
"Aug 30, 2014",Antonov AN-12,"Tamanrasset, Tamanghasset",7,UR-DWF,http://www.baaa-acro.com/crash/crash-antonov-12bk-tamanrasset-7-killed
"Aug 27, 2014",Cessna 421C Golden Eagle III,"Las Cruces, New Mexico",4,N51RX,http://www.baaa-acro.com/crash/crash-cessna-421c-golden-eagle-iii-las-cruces-4-killed
"Aug 23, 2014",Let 410UVP,"Mulume Munene, Sud-Kivu",4,9Q-CXB,http://www.baaa-acro.com/crash/crash-let-410uvp-near-mulume-munene-4-killed
"Aug 16, 2014",Piper PA-31-310 Navajo,"Grand Manan Islands, New Brunswick",2,C-GKWE,http://www.baaa-acro.com/crash/crash-piper-pa-31-310-navajo-grand-manan-island-2-killed
"Aug 15, 2014",Cessna 414 Chancellor,"Bowie, Texas",2,N127BC,http://www.baaa-acro.com/crash/crash-cessna-414-chancellor-bowie-2-killed
"Aug 13, 2014",Cessna 560XLS Citation Excel,"Santos, São Paulo",7,PR-AFA,http://www.baaa-acro.com/crash/crash-cessna-560xls-citation-excel-santos-7-killed
"Aug 10, 2014",HESA IrAn-140-100,"Tehran, Tehran City District",39,EP-GPA,http://www.baaa-acro.com/crash/crash-hesa-iran-140-100-tehran-39-killed
"Aug 6, 2014",Socata TBM-700,"Saint-Jean-les-Deux-Jumeaux, Seine-et-Marne",3,N129AG,http://www.baaa-acro.com/crash/crash-socata-tbm-700-saint-jean-les-deux-jumeaux-2-killed
"Aug 6, 2014",PZL-Mielec AN-2,"Prototskiye, Krasnodar Krai",0,RA-17890,http://www.baaa-acro.com/crash/crash-pzl-mielec-2r-prototskiye
"Jul 28, 2014",Embraer EMB-110 Bandeirante,"Foz do Iguaçu, Paraná",0,PT-TAW,http://www.baaa-acro.com/crash/crash-embraer-emb-110p1-bandeirante-foz-do-iguacu
"Jul 24, 2014",McDonnell Douglas MD-83,"Gossi, Tombouctou",116,EC-LTV,http://www.baaa-acro.com/crash/crash-md-83-near-gossi-116-killed
"Jul 23, 2014",ATR72-500,"Makung, Penghu County (澎湖縣)",48,B-22810,http://www.baaa-acro.com/crash/crash-atr72-500-makung-48-killed
"Jul 22, 2014",Lockheed C-130 Hercules,"Herat, Herat",0,MM62190,http://www.baaa-acro.com/crash/crash-lockheed-c-130j-hercules-herat
"Jul 19, 2014",PAC 750XL - Pacific Aerospace Corporation,"Gulgubip, Western (Fly)",0,P2-RNB,http://www.baaa-acro.com/crash/crash-pacific-aerospace-pac-750xtol-gulgubip
"Jul 17, 2014",Boeing 777-200,"Shakhtarsk, Donetsk Oblast",298,9M-MRD,http://www.baaa-acro.com/crash/crash-boeing-777-2h6er-near-moskovske-298-killed
"Jul 14, 2014",Antonov AN-26,"Donetsk, Donetsk Oblast",2,19 blue,http://www.baaa-acro.com/crash/crash-antonov-26-izvaryne-2-killed
"Jul 11, 2014",De Havilland DHC-2 Beaver,"Saint John Harbour, British Columbia",0,C-FFRL,http://www.baaa-acro.com/crash/crash-de-havilland-dhc-2-beaver-near-saint-john-harbour
"Jul 6, 2014",Britten-Norman Islander,"Chirundu, Southern",0,9Q-CYA,http://www.baaa-acro.com/crash/crash-britten-norman-bn-2a-islander-near-chirundu
"Jul 6, 2014",Britten-Norman Islander,"Monkey Mountain, Potaro-Siparuni",0,8R-GGY,http://www.baaa-acro.com/crash/crash-britten-norman-bn-2a-26-islander-monkey-mountain
"Jul 5, 2014",Piper PA-31-350 Navajo Chieftain,"Częstochowa, Silesian Voivodeship (Śląskie)",11,N11WB,http://www.baaa-acro.com/crash/crash-piper-pa-31p-pressurized-navajo-near-czestochowa-11-killed
"Jul 2, 2014",Fokker 50,"Nairobi, Nairobi City District",4,5Y-CET,http://www.baaa-acro.com/crash/crash-fokker-50-nairobi-4-killed
"Jun 26, 2014",Cessna 414 Chancellor,"Creve Coeur, Missouri",0,N1552T,http://www.baaa-acro.com/crash/crash-cessna-414-chancellor-creve-coeur
"Jun 25, 2014",De Havilland DHC-2 Beaver,"Kennedy Lake, Ontario",0,C-FHVT,http://www.baaa-acro.com/crash/crash-de-havilland-dhc-2-beaver-near-kennedy-lake
"Jun 23, 2014",Learjet 35,"Olsberg, North Rhine-Westphalia",2,D-CGFI,http://www.baaa-acro.com/crash/crash-learjet-35a-near-olsberg-2-killed
"Jun 18, 2014",IAI 1124 Westwind,"Huntsville, Alabama",3,N793BG,http://www.baaa-acro.com/crash/crash-iai-1124a-westwind-ii-huntsville-3-killed
"Jun 17, 2014",Grumman G-21A Goose,"Lost Trail, Montana",1,N888GG,http://www.baaa-acro.com/crash/crash-grumman-g-21a-goose-lost-trail-1-killed
"Jun 17, 2014",Cessna 208 Caravan,"Lydenburg, Mpumalanga",3,3006,http://www.baaa-acro.com/crash/crash-cessna-208-caravan-i-near-lydenburg-3-killed
"Jun 14, 2014",Ilyushin II-76,"Luhansk, Luhansk Oblast",49,76777,http://www.baaa-acro.com/crash/crash-ilyushin-ii-76md-near-luhansk-49-killed
"Jun 13, 2014",Cessna 525 CJ1,"Aruanã, Goiás",0,PP-PIM,http://www.baaa-acro.com/crash/crash-cessna-525-citationjet-cj1-aruana
"Jun 8, 2014",PZL-Mielec AN-2,"Olsztyn, Warmian-Masurian Voivodeship (Warmińsko-Mazurskie)",0,SP-FDZ,http://www.baaa-acro.com/crash/crash-pzl-mielec-2t-olsztyn
"Jun 7, 2014",PZL-Mielec AN-2,"Rybinsk, Yaroslavl oblast",1,RF-02883,http://www.baaa-acro.com/crash/crash-antonov-2-staroselye-1-killed
"Jun 6, 2014",Antonov AN-30,"Drobyshevo, Donetsk Oblast",5,80 yellow,http://www.baaa-acro.com/crash/crash-antonov-30b-drobyshevo-5-killed
"Jun 3, 2014",Ilyushin II-96,"Moscow-Sheremetyevo, Moscow oblast",0,RA-96010,http://www.baaa-acro.com/crash/ground-fire-ilyushin-ii-96-300-moscow
"Jun 2, 2014",Beechcraft 200 Super King Air,"Bahía Solano, Chocó",0,PNC-0225,http://www.baaa-acro.com/crash/crash-beechcraft-super-king-b200-bahia-solano
"May 31, 2014",Gulfstream GIV,"Bedford, Massachusetts",7,N121JM,http://www.baaa-acro.com/crash/crash-gulfstream-giv-bedford-7-killed
"May 27, 2014",Beechcraft 200 Super King Air,"Carmelo, Colonia",5,LV-CNT,http://www.baaa-acro.com/crash/crash-beechcraft-super-king-air-b200-rio-de-la-plata-5-killed
"May 17, 2014",Antonov AN-74TK-300,"Xieng Khouang, Xieng Khouang Province",16,RDPL-34020,http://www.baaa-acro.com/crash/crash-antonov-74tk-300d-xiang-khouang-16-killed
"May 17, 2014",Rockwell Aero Commander 500,"Fort Huachuca, Arizona",0,N40TC,http://www.baaa-acro.com/crash/crash-rockwell-aero-commander-500s-fort-huachuca
"May 12, 2014",Harbin Yunsunji Y-12,"El Wak, North Eastern",1,-,http://www.baaa-acro.com/crash/crash-harbin-yunsunji-y-12-ii-el-wak-1-killed
"May 10, 2014",Cessna 207 Skywagon/Stationair,"Page, Arizona",1,N7311U,http://www.baaa-acro.com/crash/crash-cessna-t207a-turbo-stationair-7-page-1-killed
"May 9, 2014",PZL-Mielec AN-2,"Terbuny, Lipetsk oblast",0,RF-00446,http://www.baaa-acro.com/crash/crash-pzl-mielec-2t-gryazi
"May 8, 2014",Boeing 737-400,"Kabul, Kabul",0,YA-PIB,http://www.baaa-acro.com/crash/crash-boeing-737-4y0-kabul
"May 8, 2014",Douglas DC-3,"San Vicente del Caguán, Caquetá",5,HK-4700,http://www.baaa-acro.com/crash/crash-douglas-dc-3c-near-san-vincente-del-caguan-5-killed
"May 4, 2014",Piper PA-31-350 Navajo Chieftain,"Bucaramanga, Santander",2,C-GSVM,http://www.baaa-acro.com/crash/crash-piper-pa-31p-navajo-colombia-2-killed
"Apr 29, 2014",Boeing 737-400,"East Midlands, Leicestershire",0,EI-STD,http://www.baaa-acro.com/crash/crash-boeing-737-476sf-east-midlands
"Apr 27, 2014",Piper PA-31-350 Navajo Chieftain,"Deán Funes, Córdoba",0,LV-JGN,http://www.baaa-acro.com/crash/crash-piper-pa-31p-navajo-dean-funes
"Apr 26, 2014",Cessna 525 CJ3,"Spruce Creek, Florida",0,N300ET,http://www.baaa-acro.com/crash/crash-cessna-525b-cj3-spruce-creek
"Apr 20, 2014",Comp Air CA-8,"Jämijärvi, Satakunta",8,OH-XDZ,http://www.baaa-acro.com/crash/crash-comp-air-ca-8-jamijarvi-8-killed
"Apr 20, 2014",Fokker 50,"Guriceel, Galgaduud (جلجدود‎)",0,5Y-VVJ,http://www.baaa-acro.com/crash/crash-fokker-50-guriceel
"Apr 19, 2014",BAe 125,"Saltillo, Coahuila",8,XA-UKR,http://www.baaa-acro.com/crash/crash-bae-125-700a-saltillo-8-killed
"Apr 9, 2014",Quest Kodiak 100,"Doyo Baru, Special Region of Papua",2,PK-SDF,http://www.baaa-acro.com/crash/crash-quest-kodiak-100-doyo-baru-2-killed
"Apr 8, 2014",Cessna 208B Grand Caravan,"Bethel, Alaska",2,N126AR,http://www.baaa-acro.com/crash/crash-cessna-208b-grand-caravan-near-bethel-2-killed
"Mar 28, 2014",Lockheed C-130 Hercules,"Gwalior, Madhya Pradesh",5,KC-3803,http://www.baaa-acro.com/crash/crash-lockheed-c-130j-hercules-near-gwalior-5-killed
"Mar 27, 2014",Beechcraft 200 Super King Air,"Chandigarh, Chandigarh",0,VT-HRA,http://www.baaa-acro.com/crash/crash-beechcraft-super-king-air-b200-chandigarh
"Mar 22, 2014",Socata TBM-700,"Montrose, Colorado",5,N702H,http://www.baaa-acro.com/crash/crash-socata-tbm-700-ridgway-reservoir-5-killed
"Mar 14, 2014",Cessna 402,"Stuart-Witham Field, Florida",0,N419AR,http://www.baaa-acro.com/crash/crash-cessna-402b-stuart
"Mar 12, 2014",Beechcraft 90 King Air,"Villavicencio, Meta",5,HK-4921,http://www.baaa-acro.com/crash/crash-beechcraft-king-air-c90-villavicencio-5-killed
"Mar 8, 2014",Boeing 777-200,"Indian Ocean, All World",239,9M-MRO,http://www.baaa-acro.com/crash/crash-boeing-777-2h6er-indian-ocean-239-killed
"Mar 3, 2014",Dassault Falcon 20,"Kish Island, Hormozgān",4,EP-FIC,http://www.baaa-acro.com/crash/crash-dassault-falcon-20e-kish-island-4-killed
"Mar 3, 2014",Beechcraft 90 King Air,"Guasdualito, Apure",0,-,http://www.baaa-acro.com/crash/crash-beechcraft-king-air-90-state-apure
"Mar 2, 2014",Antonov AN-26,"Masila, Hadhramaut (حضرموت)",0,1177,http://www.baaa-acro.com/crash/crash-antonov-26-hadhramaut
"Feb 27, 2014",Partenavia P.68,"Panda Ranch (Molokai), Hawaii",0,N947MZ,http://www.baaa-acro.com/crash/crash-partenavia-p68-observer-panda-ranch
"Feb 26, 2014",Piper PA-31-350 Navajo Chieftain,"Lanai, Hawaii",3,N483VA,http://www.baaa-acro.com/crash/crash-piper-pa-31-350-navajo-chieftain-lanai-3-killed
"Feb 25, 2014",Embraer EMB-120 Brasília,"Lukapa, Lunda Norte",0,D2-FFZ,http://www.baaa-acro.com/crash/crash-embraer-emb-120rt-brasilia-lukapa
"Feb 21, 2014",Antonov AN-26,"Grombalia, Nabeul Governorate (ولاية نابل‎)",11,5A-DOW,http://www.baaa-acro.com/crash/crash-antonov-26-grombalia-11-killed
"Feb 19, 2014",Beechcraft 100 King Air,"Pearland, Texas",1,N811BL,http://www.baaa-acro.com/crash/crash-beechcraft-king-air-b100-pearland-1-killed
"Feb 17, 2014",Avro 748,"Rubkona, Unity (الوحدة)",1,5Y-HAJ,http://www.baaa-acro.com/crash/crash-avro-748-371-2b-rubkona-1-killed
"Feb 16, 2014",De Havilland DHC-6 Twin Otter,"Arghakhanchi, Lumbini",18,9N-ABB,http://www.baaa-acro.com/crash/crash-de-havilland-dhc-6-twin-otter-300-arghakhachi-18-killed
"Feb 15, 2014",Cessna 501 Citation I,"Stella Maris, Long Island",0,C-GKPC,http://www.baaa-acro.com/crash/crash-cessna-501-citation-isp-stella-maris
"Feb 11, 2014",Lockheed C-130 Hercules,"Aïn Kercha, Oum el-Bouaghi",76,7T-WHM,http://www.baaa-acro.com/crash/crash-lockheed-c-130h-30-hercules-ain-kercha-76-killed
"Feb 4, 2014",PAC Cresco 08-600,"Otane, Hawke's Bay Regional Council",0,ZK-LTE,http://www.baaa-acro.com/crash/crash-pac-cresco-08-600-otane
"Feb 3, 2014",Beechcraft 90 King Air,"Lanseria, Gauteng",3,ZS-CLT,http://www.baaa-acro.com/crash/crash-beechcraft-king-air-c90gtx-lanseria-3-killed
"Feb 3, 2014",Rockwell Gulfstream 690C Jetprop 840,"Bellevue, Tennessee",4,N840V,http://www.baaa-acro.com/crash/crash-rockwell-gulfstream-jetprop-840-bellevue-4-killed
"Jan 29, 2014",De Havilland Dash-8-200,"Ilulissat, Qaasuitsup Kommunia",0,OY-GRI,http://www.baaa-acro.com/crash/crash-de-havilland-dash-8-202q-ilulissat
"Jan 28, 2014",Saab 2000,"Paris-Roissy-CDG, Val-d'Oise",0,HB-IZG,http://www.baaa-acro.com/crash/crash-saab-2000-paris-roissy-cdg
"Jan 27, 2014",Beechcraft 90 King Air,"Columbia, California",0,N350WA,http://www.baaa-acro.com/crash/crash-beechcraft-king-air-c90-columbia
"Jan 26, 2014",Boeing 737-300,"Honiara, All Solomon Islands",0,ZK-TLC,http://www.baaa-acro.com/crash/crash-boeing-737-3b7sf-honiara
"Jan 20, 2014",Britten-Norman Islander,"Petreasa, Alba",2,YR-BNP,http://www.baaa-acro.com/crash/crash-britten-norman-bn-2a-27-islander-petreasa-2-killed
"Jan 20, 2014",PZL-Mielec AN-28,"Addis Ababa, Addis Ababa City District",0,-,http://www.baaa-acro.com/crash/crash-pzl-mielec-28-addis-ababa
"Jan 19, 2014",Piper PA-31-350 Navajo Chieftain,"Tual, Maluku",4,PK-IWT,http://www.baaa-acro.com/crash/crash-piper-pa-31-350-navajo-chieftain-tual-4-killed
"Jan 18, 2014",Cessna 208B Grand Caravan,"Olive Creek, Cuyuni-Mazaruni",2,8R-GHS,http://www.baaa-acro.com/crash/crash-cessna-208b-grand-caravan-olive-creek-2-killed
"Jan 18, 2014",Douglas DC-9,"Saltillo, Coahuila",0,XA-UQM,http://www.baaa-acro.com/crash/crash-douglas-dc-9-33cf-saltillo
"Jan 11, 2014",Cessna 501 Citation I,"Trier-Föhren, Rhineland-Palatinate",4,N452TS,http://www.baaa-acro.com/crash/crash-cessna-501-citation-isp-trier-4-killed
"Jan 9, 2014",Beechcraft 300 Super King Air,"Afghanistan, All Afghanistan",3,N195AE,http://www.baaa-acro.com/crash/crash-beechcraft-super-king-air-300-afghanistan-3-killed
"Jan 6, 2014",GippsAero GA8 Airvan,"Cayenne, All French Guyana",0,F-ORPH,http://www.baaa-acro.com/crash/crash-gippsland-ga-8-airvan-cayenne
"Jan 5, 2014",Canadair CL-601 Challenger,"Aspen, Colorado",1,N115WF,http://www.baaa-acro.com/crash/crash-canadair-cl-601-3r-challenger-aspen-1-killed
